keyword,cluster_id,target_url,public_status,intent
加密货币价格,ad-campaign-support,/services/ad-campaign-support/,future_blog,long_tail_question
加密货币哪家好,ad-campaign-support,/services/ad-campaign-support/,future_blog,long_tail_question
加密货币多少钱,ad-campaign-support,/services/ad-campaign-support/,future_blog,long_tail_question
加密货币平台,ad-campaign-support,/services/ad-campaign-support/,future_blog,long_tail_question
加密货币怎么做,ad-campaign-support,/services/ad-campaign-support/,future_blog,long_tail_question
加密货币怎么找,ad-campaign-support,/services/ad-campaign-support/,future_blog,long_tail_question
加密货币怎么投,ad-campaign-support,/services/ad-campaign-support/,future_blog,long_tail_question
加密货币怎么收费,ad-campaign-support,/services/ad-campaign-support/,future_blog,long_tail_question
加密货币报价,ad-campaign-support,/services/ad-campaign-support/,future_blog,long_tail_question
加密货币渠道,ad-campaign-support,/services/ad-campaign-support/,future_blog,long_tail_question
加密货币费用,ad-campaign-support,/services/ad-campaign-support/,future_blog,long_tail_question
加密货币靠谱吗,ad-campaign-support,/services/ad-campaign-support/,future_blog,long_tail_question
理财价格,ad-campaign-support,/services/ad-campaign-support/,future_blog,long_tail_question
理财哪家好,ad-campaign-support,/services/ad-campaign-support/,future_blog,long_tail_question
理财多少钱,ad-campaign-support,/services/ad-campaign-support/,future_blog,long_tail_question
理财平台,ad-campaign-support,/services/ad-campaign-support/,future_blog,long_tail_question
理财怎么做,ad-campaign-support,/services/ad-campaign-support/,future_blog,long_tail_question
理财怎么找,ad-campaign-support,/services/ad-campaign-support/,future_blog,long_tail_question
理财怎么投,ad-campaign-support,/services/ad-campaign-support/,future_blog,long_tail_question
理财怎么收费,ad-campaign-support,/services/ad-campaign-support/,future_blog,long_tail_question
理财报价,ad-campaign-support,/services/ad-campaign-support/,future_blog,long_tail_question
理财渠道,ad-campaign-support,/services/ad-campaign-support/,future_blog,long_tail_question
理财费用,ad-campaign-support,/services/ad-campaign-support/,future_blog,long_tail_question
理财靠谱吗,ad-campaign-support,/services/ad-campaign-support/,future_blog,long_tail_question
虚拟币价格,ad-campaign-support,/services/ad-campaign-support/,future_blog,long_tail_question
虚拟币哪家好,ad-campaign-support,/services/ad-campaign-support/,future_blog,long_tail_question
虚拟币多少钱,ad-campaign-support,/services/ad-campaign-support/,future_blog,long_tail_question
虚拟币平台,ad-campaign-support,/services/ad-campaign-support/,future_blog,long_tail_question
虚拟币怎么做,ad-campaign-support,/services/ad-campaign-support/,future_blog,long_tail_question
虚拟币怎么找,ad-campaign-support,/services/ad-campaign-support/,future_blog,long_tail_question
虚拟币怎么投,ad-campaign-support,/services/ad-campaign-support/,future_blog,long_tail_question
虚拟币怎么收费,ad-campaign-support,/services/ad-campaign-support/,future_blog,long_tail_question
虚拟币报价,ad-campaign-support,/services/ad-campaign-support/,future_blog,long_tail_question
虚拟币渠道,ad-campaign-support,/services/ad-campaign-support/,future_blog,long_tail_question
虚拟币费用,ad-campaign-support,/services/ad-campaign-support/,future_blog,long_tail_question
虚拟币靠谱吗,ad-campaign-support,/services/ad-campaign-support/,future_blog,long_tail_question
FBSlot投放,ad-campaign-support,/services/ad-campaign-support/,internal_only,投放前准备和执行协助
FB交友粉投放,ad-campaign-support,/services/ad-campaign-support/,internal_only,投放前准备和执行协助
FB债务投放,ad-campaign-support,/services/ad-campaign-support/,internal_only,投放前准备和执行协助
FB充值色粉投放,ad-campaign-support,/services/ad-campaign-support/,internal_only,投放前准备和执行协助
FB成人兴趣粉投放,ad-campaign-support,/services/ad-campaign-support/,internal_only,投放前准备和执行协助
FB成人粉投放,ad-campaign-support,/services/ad-campaign-support/,internal_only,投放前准备和执行协助
FB精准色粉投放,ad-campaign-support,/services/ad-campaign-support/,internal_only,投放前准备和执行协助
FB索赔投放,ad-campaign-support,/services/ad-campaign-support/,internal_only,投放前准备和执行协助
FB维权投放,ad-campaign-support,/services/ad-campaign-support/,internal_only,投放前准备和执行协助
FB色粉投放,ad-campaign-support,/services/ad-campaign-support/,internal_only,投放前准备和执行协助
Slot信息流投放,ad-campaign-support,/services/ad-campaign-support/,internal_only,投放前准备和执行协助
Slot广告代投,ad-campaign-support,/services/ad-campaign-support/,internal_only,投放前准备和执行协助
Slot广告投放,ad-campaign-support,/services/ad-campaign-support/,internal_only,投放前准备和执行协助
Slot投放,ad-campaign-support,/services/ad-campaign-support/,internal_only,投放前准备和执行协助
Slot搜索广告投放,ad-campaign-support,/services/ad-campaign-support/,internal_only,投放前准备和执行协助
TKSlot投放,ad-campaign-support,/services/ad-campaign-support/,internal_only,投放前准备和执行协助
TK交友粉投放,ad-campaign-support,/services/ad-campaign-support/,internal_only,投放前准备和执行协助
TK债务投放,ad-campaign-support,/services/ad-campaign-support/,internal_only,投放前准备和执行协助
TK充值色粉投放,ad-campaign-support,/services/ad-campaign-support/,internal_only,投放前准备和执行协助
TK成人兴趣粉投放,ad-campaign-support,/services/ad-campaign-support/,internal_only,投放前准备和执行协助
TK成人粉投放,ad-campaign-support,/services/ad-campaign-support/,internal_only,投放前准备和执行协助
TK精准色粉投放,ad-campaign-support,/services/ad-campaign-support/,internal_only,投放前准备和执行协助
TK索赔投放,ad-campaign-support,/services/ad-campaign-support/,internal_only,投放前准备和执行协助
TK维权投放,ad-campaign-support,/services/ad-campaign-support/,internal_only,投放前准备和执行协助
TK色粉投放,ad-campaign-support,/services/ad-campaign-support/,internal_only,投放前准备和执行协助
交友粉信息流投放,ad-campaign-support,/services/ad-campaign-support/,internal_only,投放前准备和执行协助
交友粉广告代投,ad-campaign-support,/services/ad-campaign-support/,internal_only,投放前准备和执行协助
交友粉广告投放,ad-campaign-support,/services/ad-campaign-support/,internal_only,投放前准备和执行协助
交友粉投放,ad-campaign-support,/services/ad-campaign-support/,internal_only,投放前准备和执行协助
交友粉搜索广告投放,ad-campaign-support,/services/ad-campaign-support/,internal_only,投放前准备和执行协助
债务信息流投放,ad-campaign-support,/services/ad-campaign-support/,internal_only,投放前准备和执行协助
债务广告代投,ad-campaign-support,/services/ad-campaign-support/,internal_only,投放前准备和执行协助
债务广告投放,ad-campaign-support,/services/ad-campaign-support/,internal_only,投放前准备和执行协助
债务投放,ad-campaign-support,/services/ad-campaign-support/,internal_only,投放前准备和执行协助
债务搜索广告投放,ad-campaign-support,/services/ad-campaign-support/,internal_only,投放前准备和执行协助
充值色粉信息流投放,ad-campaign-support,/services/ad-campaign-support/,internal_only,投放前准备和执行协助
充值色粉广告代投,ad-campaign-support,/services/ad-campaign-support/,internal_only,投放前准备和执行协助
充值色粉广告投放,ad-campaign-support,/services/ad-campaign-support/,internal_only,投放前准备和执行协助
充值色粉投放,ad-campaign-support,/services/ad-campaign-support/,internal_only,投放前准备和执行协助
充值色粉搜索广告投放,ad-campaign-support,/services/ad-campaign-support/,internal_only,投放前准备和执行协助
成人兴趣粉信息流投放,ad-campaign-support,/services/ad-campaign-support/,internal_only,投放前准备和执行协助
成人兴趣粉广告代投,ad-campaign-support,/services/ad-campaign-support/,internal_only,投放前准备和执行协助
成人兴趣粉广告投放,ad-campaign-support,/services/ad-campaign-support/,internal_only,投放前准备和执行协助
成人兴趣粉投放,ad-campaign-support,/services/ad-campaign-support/,internal_only,投放前准备和执行协助
成人兴趣粉搜索广告投放,ad-campaign-support,/services/ad-campaign-support/,internal_only,投放前准备和执行协助
成人粉信息流投放,ad-campaign-support,/services/ad-campaign-support/,internal_only,投放前准备和执行协助
成人粉广告代投,ad-campaign-support,/services/ad-campaign-support/,internal_only,投放前准备和执行协助
成人粉广告投放,ad-campaign-support,/services/ad-campaign-support/,internal_only,投放前准备和执行协助
成人粉投放,ad-campaign-support,/services/ad-campaign-support/,internal_only,投放前准备和执行协助
成人粉搜索广告投放,ad-campaign-support,/services/ad-campaign-support/,internal_only,投放前准备和执行协助
精准色粉信息流投放,ad-campaign-support,/services/ad-campaign-support/,internal_only,投放前准备和执行协助
精准色粉广告代投,ad-campaign-support,/services/ad-campaign-support/,internal_only,投放前准备和执行协助
精准色粉广告投放,ad-campaign-support,/services/ad-campaign-support/,internal_only,投放前准备和执行协助
精准色粉投放,ad-campaign-support,/services/ad-campaign-support/,internal_only,投放前准备和执行协助
精准色粉搜索广告投放,ad-campaign-support,/services/ad-campaign-support/,internal_only,投放前准备和执行协助
索赔信息流投放,ad-campaign-support,/services/ad-campaign-support/,internal_only,投放前准备和执行协助
索赔广告代投,ad-campaign-support,/services/ad-campaign-support/,internal_only,投放前准备和执行协助
索赔广告投放,ad-campaign-support,/services/ad-campaign-support/,internal_only,投放前准备和执行协助
索赔投放,ad-campaign-support,/services/ad-campaign-support/,internal_only,投放前准备和执行协助
索赔搜索广告投放,ad-campaign-support,/services/ad-campaign-support/,internal_only,投放前准备和执行协助
维权信息流投放,ad-campaign-support,/services/ad-campaign-support/,internal_only,投放前准备和执行协助
维权广告代投,ad-campaign-support,/services/ad-campaign-support/,internal_only,投放前准备和执行协助
维权广告投放,ad-campaign-support,/services/ad-campaign-support/,internal_only,投放前准备和执行协助
维权投放,ad-campaign-support,/services/ad-campaign-support/,internal_only,投放前准备和执行协助
维权搜索广告投放,ad-campaign-support,/services/ad-campaign-support/,internal_only,投放前准备和执行协助
色粉信息流投放,ad-campaign-support,/services/ad-campaign-support/,internal_only,投放前准备和执行协助
色粉广告代投,ad-campaign-support,/services/ad-campaign-support/,internal_only,投放前准备和执行协助
色粉广告投放,ad-campaign-support,/services/ad-campaign-support/,internal_only,投放前准备和执行协助
色粉投放,ad-campaign-support,/services/ad-campaign-support/,internal_only,投放前准备和执行协助
色粉搜索广告投放,ad-campaign-support,/services/ad-campaign-support/,internal_only,投放前准备和执行协助
谷歌Slot投放,ad-campaign-support,/services/ad-campaign-support/,internal_only,投放前准备和执行协助
谷歌交友私聊投放,ad-campaign-support,/services/ad-campaign-support/,internal_only,投放前准备和执行协助
谷歌交友粉投放,ad-campaign-support,/services/ad-campaign-support/,internal_only,投放前准备和执行协助
谷歌交友聊天投放,ad-campaign-support,/services/ad-campaign-support/,internal_only,投放前准备和执行协助
谷歌债务投放,ad-campaign-support,/services/ad-campaign-support/,internal_only,投放前准备和执行协助
谷歌充值色粉投放,ad-campaign-support,/services/ad-campaign-support/,internal_only,投放前准备和执行协助
谷歌成人兴趣粉投放,ad-campaign-support,/services/ad-campaign-support/,internal_only,投放前准备和执行协助
谷歌成人粉投放,ad-campaign-support,/services/ad-campaign-support/,internal_only,投放前准备和执行协助
谷歌精准色粉投放,ad-campaign-support,/services/ad-campaign-support/,internal_only,投放前准备和执行协助
谷歌索赔投放,ad-campaign-support,/services/ad-campaign-support/,internal_only,投放前准备和执行协助
谷歌维权投放,ad-campaign-support,/services/ad-campaign-support/,internal_only,投放前准备和执行协助
谷歌色粉投放,ad-campaign-support,/services/ad-campaign-support/,internal_only,投放前准备和执行协助
广告投放,ad-campaign-support,/services/ad-campaign-support/,public_primary,投放前准备和执行协助
FB保险买量,ad-campaign-support,/services/ad-campaign-support/,public_secondary,投放前准备和执行协助
FB保险投放,ad-campaign-support,/services/ad-campaign-support/,public_secondary,投放前准备和执行协助
FB信息流投放,ad-campaign-support,/services/ad-campaign-support/,public_secondary,投放前准备和执行协助
FB加密货币买量,ad-campaign-support,/services/ad-campaign-support/,public_secondary,投放前准备和执行协助
FB加密货币投放,ad-campaign-support,/services/ad-campaign-support/,public_secondary,投放前准备和执行协助
FB加密货币获客,ad-campaign-support,/services/ad-campaign-support/,public_secondary,投放前准备和执行协助
FB广告代投,ad-campaign-support,/services/ad-campaign-support/,public_secondary,投放前准备和执行协助
FB广告投放,ad-campaign-support,/services/ad-campaign-support/,public_secondary,投放前准备和执行协助
FB投放,ad-campaign-support,/services/ad-campaign-support/,public_secondary,投放前准备和执行协助
FB搜索广告投放,ad-campaign-support,/services/ad-campaign-support/,public_secondary,投放前准备和执行协助
FB游戏引流,ad-campaign-support,/services/ad-campaign-support/,public_secondary,投放前准备和执行协助
FB游戏投放,ad-campaign-support,/services/ad-campaign-support/,public_secondary,投放前准备和执行协助
FB游戏获客,ad-campaign-support,/services/ad-campaign-support/,public_secondary,投放前准备和执行协助
FB理财买量,ad-campaign-support,/services/ad-campaign-support/,public_secondary,投放前准备和执行协助
FB理财投放,ad-campaign-support,/services/ad-campaign-support/,public_secondary,投放前准备和执行协助
FB虚拟币买量,ad-campaign-support,/services/ad-campaign-support/,public_secondary,投放前准备和执行协助
FB虚拟币投放,ad-campaign-support,/services/ad-campaign-support/,public_secondary,投放前准备和执行协助
FB虚拟币获客,ad-campaign-support,/services/ad-campaign-support/,public_secondary,投放前准备和执行协助
FB贷款买量,ad-campaign-support,/services/ad-campaign-support/,public_secondary,投放前准备和执行协助
FB贷款投放,ad-campaign-support,/services/ad-campaign-support/,public_secondary,投放前准备和执行协助
TK保险买量,ad-campaign-support,/services/ad-campaign-support/,public_secondary,投放前准备和执行协助
TK保险引流,ad-campaign-support,/services/ad-campaign-support/,public_secondary,投放前准备和执行协助
TK保险投放,ad-campaign-support,/services/ad-campaign-support/,public_secondary,投放前准备和执行协助
TK保险推广,ad-campaign-support,/services/ad-campaign-support/,public_secondary,投放前准备和执行协助
TK保险获客,ad-campaign-support,/services/ad-campaign-support/,public_secondary,投放前准备和执行协助
TK信息流投放,ad-campaign-support,/services/ad-campaign-support/,public_secondary,投放前准备和执行协助
TK加密货币买量,ad-campaign-support,/services/ad-campaign-support/,public_secondary,投放前准备和执行协助
TK加密货币投放,ad-campaign-support,/services/ad-campaign-support/,public_secondary,投放前准备和执行协助
TK加密货币获客,ad-campaign-support,/services/ad-campaign-support/,public_secondary,投放前准备和执行协助
TK广告代投,ad-campaign-support,/services/ad-campaign-support/,public_secondary,投放前准备和执行协助
TK广告投放,ad-campaign-support,/services/ad-campaign-support/,public_secondary,投放前准备和执行协助
TK投放,ad-campaign-support,/services/ad-campaign-support/,public_secondary,投放前准备和执行协助
TK搜索广告投放,ad-campaign-support,/services/ad-campaign-support/,public_secondary,投放前准备和执行协助
TK游戏投放,ad-campaign-support,/services/ad-campaign-support/,public_secondary,投放前准备和执行协助
TK游戏获客,ad-campaign-support,/services/ad-campaign-support/,public_secondary,投放前准备和执行协助
TK理财买量,ad-campaign-support,/services/ad-campaign-support/,public_secondary,投放前准备和执行协助
TK理财引流,ad-campaign-support,/services/ad-campaign-support/,public_secondary,投放前准备和执行协助
TK理财投放,ad-campaign-support,/services/ad-campaign-support/,public_secondary,投放前准备和执行协助
TK理财推广,ad-campaign-support,/services/ad-campaign-support/,public_secondary,投放前准备和执行协助
TK理财获客,ad-campaign-support,/services/ad-campaign-support/,public_secondary,投放前准备和执行协助
TK虚拟币买量,ad-campaign-support,/services/ad-campaign-support/,public_secondary,投放前准备和执行协助
TK虚拟币投放,ad-campaign-support,/services/ad-campaign-support/,public_secondary,投放前准备和执行协助
TK虚拟币获客,ad-campaign-support,/services/ad-campaign-support/,public_secondary,投放前准备和执行协助
TK贷款买量,ad-campaign-support,/services/ad-campaign-support/,public_secondary,投放前准备和执行协助
TK贷款引流,ad-campaign-support,/services/ad-campaign-support/,public_secondary,投放前准备和执行协助
TK贷款投放,ad-campaign-support,/services/ad-campaign-support/,public_secondary,投放前准备和执行协助
TK贷款推广,ad-campaign-support,/services/ad-campaign-support/,public_secondary,投放前准备和执行协助
TK贷款获客,ad-campaign-support,/services/ad-campaign-support/,public_secondary,投放前准备和执行协助
中东保险投放,ad-campaign-support,/services/ad-campaign-support/,public_secondary,投放前准备和执行协助
中东加密货币投放,ad-campaign-support,/services/ad-campaign-support/,public_secondary,投放前准备和执行协助
中东加密货币获客,ad-campaign-support,/services/ad-campaign-support/,public_secondary,投放前准备和执行协助
中东广告投放,ad-campaign-support,/services/ad-campaign-support/,public_secondary,投放前准备和执行协助
中东游戏投放,ad-campaign-support,/services/ad-campaign-support/,public_secondary,投放前准备和执行协助
中东理财投放,ad-campaign-support,/services/ad-campaign-support/,public_secondary,投放前准备和执行协助
中东虚拟币投放,ad-campaign-support,/services/ad-campaign-support/,public_secondary,投放前准备和执行协助
中东贷款投放,ad-campaign-support,/services/ad-campaign-support/,public_secondary,投放前准备和执行协助
俄罗斯保险投放,ad-campaign-support,/services/ad-campaign-support/,public_secondary,投放前准备和执行协助
俄罗斯加密货币投放,ad-campaign-support,/services/ad-campaign-support/,public_secondary,投放前准备和执行协助
俄罗斯加密货币获客,ad-campaign-support,/services/ad-campaign-support/,public_secondary,投放前准备和执行协助
俄罗斯广告投放,ad-campaign-support,/services/ad-campaign-support/,public_secondary,投放前准备和执行协助
俄罗斯游戏投放,ad-campaign-support,/services/ad-campaign-support/,public_secondary,投放前准备和执行协助
俄罗斯理财投放,ad-campaign-support,/services/ad-campaign-support/,public_secondary,投放前准备和执行协助
俄罗斯虚拟币投放,ad-campaign-support,/services/ad-campaign-support/,public_secondary,投放前准备和执行协助
俄罗斯贷款投放,ad-campaign-support,/services/ad-campaign-support/,public_secondary,投放前准备和执行协助
保险信息流投放,ad-campaign-support,/services/ad-campaign-support/,public_secondary,投放前准备和执行协助
保险广告代投,ad-campaign-support,/services/ad-campaign-support/,public_secondary,投放前准备和执行协助
保险广告投放,ad-campaign-support,/services/ad-campaign-support/,public_secondary,投放前准备和执行协助
保险投放,ad-campaign-support,/services/ad-campaign-support/,public_secondary,投放前准备和执行协助
保险搜索广告投放,ad-campaign-support,/services/ad-campaign-support/,public_secondary,投放前准备和执行协助
加密货币买量,ad-campaign-support,/services/ad-campaign-support/,public_secondary,投放前准备和执行协助
加密货币代投,ad-campaign-support,/services/ad-campaign-support/,public_secondary,投放前准备和执行协助
加密货币代运营,ad-campaign-support,/services/ad-campaign-support/,public_secondary,投放前准备和执行协助
加密货币信息流投放,ad-campaign-support,/services/ad-campaign-support/,public_secondary,投放前准备和执行协助
加密货币广告代投,ad-campaign-support,/services/ad-campaign-support/,public_secondary,投放前准备和执行协助
加密货币广告投放,ad-campaign-support,/services/ad-campaign-support/,public_secondary,投放前准备和执行协助
加密货币投放,ad-campaign-support,/services/ad-campaign-support/,public_secondary,投放前准备和执行协助
加密货币投流,ad-campaign-support,/services/ad-campaign-support/,public_secondary,投放前准备和执行协助
加密货币推广代运营,ad-campaign-support,/services/ad-campaign-support/,public_secondary,投放前准备和执行协助
加密货币推广引流,ad-campaign-support,/services/ad-campaign-support/,public_secondary,投放前准备和执行协助
加密货币搜索广告投放,ad-campaign-support,/services/ad-campaign-support/,public_secondary,投放前准备和执行协助
加密货币精准引流,ad-campaign-support,/services/ad-campaign-support/,public_secondary,投放前准备和执行协助
加密货币精准获客,ad-campaign-support,/services/ad-campaign-support/,public_secondary,投放前准备和执行协助
加密货币获客,ad-campaign-support,/services/ad-campaign-support/,public_secondary,投放前准备和执行协助
加拿大保险投放,ad-campaign-support,/services/ad-campaign-support/,public_secondary,投放前准备和执行协助
加拿大加密货币投放,ad-campaign-support,/services/ad-campaign-support/,public_secondary,投放前准备和执行协助
加拿大加密货币获客,ad-campaign-support,/services/ad-campaign-support/,public_secondary,投放前准备和执行协助
加拿大广告投放,ad-campaign-support,/services/ad-campaign-support/,public_secondary,投放前准备和执行协助
加拿大游戏投放,ad-campaign-support,/services/ad-campaign-support/,public_secondary,投放前准备和执行协助
加拿大理财投放,ad-campaign-support,/services/ad-campaign-support/,public_secondary,投放前准备和执行协助
加拿大虚拟币投放,ad-campaign-support,/services/ad-campaign-support/,public_secondary,投放前准备和执行协助
加拿大贷款投放,ad-campaign-support,/services/ad-campaign-support/,public_secondary,投放前准备和执行协助
印度保险投放,ad-campaign-support,/services/ad-campaign-support/,public_secondary,投放前准备和执行协助
印度加密货币投放,ad-campaign-support,/services/ad-campaign-support/,public_secondary,投放前准备和执行协助
印度加密货币获客,ad-campaign-support,/services/ad-campaign-support/,public_secondary,投放前准备和执行协助
印度广告投放,ad-campaign-support,/services/ad-campaign-support/,public_secondary,投放前准备和执行协助
印度游戏投放,ad-campaign-support,/services/ad-campaign-support/,public_secondary,投放前准备和执行协助
印度理财投放,ad-campaign-support,/services/ad-campaign-support/,public_secondary,投放前准备和执行协助
印度虚拟币投放,ad-campaign-support,/services/ad-campaign-support/,public_secondary,投放前准备和执行协助
印度贷款投放,ad-campaign-support,/services/ad-campaign-support/,public_secondary,投放前准备和执行协助
台湾保险投放,ad-campaign-support,/services/ad-campaign-support/,public_secondary,投放前准备和执行协助
台湾加密货币投放,ad-campaign-support,/services/ad-campaign-support/,public_secondary,投放前准备和执行协助
台湾加密货币获客,ad-campaign-support,/services/ad-campaign-support/,public_secondary,投放前准备和执行协助
台湾广告投放,ad-campaign-support,/services/ad-campaign-support/,public_secondary,投放前准备和执行协助
台湾游戏投放,ad-campaign-support,/services/ad-campaign-support/,public_secondary,投放前准备和执行协助
台湾理财投放,ad-campaign-support,/services/ad-campaign-support/,public_secondary,投放前准备和执行协助
台湾虚拟币投放,ad-campaign-support,/services/ad-campaign-support/,public_secondary,投放前准备和执行协助
台湾贷款投放,ad-campaign-support,/services/ad-campaign-support/,public_secondary,投放前准备和执行协助
巴西保险投放,ad-campaign-support,/services/ad-campaign-support/,public_secondary,投放前准备和执行协助
巴西加密货币投放,ad-campaign-support,/services/ad-campaign-support/,public_secondary,投放前准备和执行协助
巴西加密货币获客,ad-campaign-support,/services/ad-campaign-support/,public_secondary,投放前准备和执行协助
巴西广告投放,ad-campaign-support,/services/ad-campaign-support/,public_secondary,投放前准备和执行协助
巴西游戏投放,ad-campaign-support,/services/ad-campaign-support/,public_secondary,投放前准备和执行协助
巴西理财投放,ad-campaign-support,/services/ad-campaign-support/,public_secondary,投放前准备和执行协助
巴西虚拟币投放,ad-campaign-support,/services/ad-campaign-support/,public_secondary,投放前准备和执行协助
巴西贷款投放,ad-campaign-support,/services/ad-campaign-support/,public_secondary,投放前准备和执行协助
广告代投,ad-campaign-support,/services/ad-campaign-support/,public_secondary,投放前准备和执行协助
新加坡保险投放,ad-campaign-support,/services/ad-campaign-support/,public_secondary,投放前准备和执行协助
新加坡加密货币投放,ad-campaign-support,/services/ad-campaign-support/,public_secondary,投放前准备和执行协助
新加坡加密货币获客,ad-campaign-support,/services/ad-campaign-support/,public_secondary,投放前准备和执行协助
新加坡广告投放,ad-campaign-support,/services/ad-campaign-support/,public_secondary,投放前准备和执行协助
新加坡游戏投放,ad-campaign-support,/services/ad-campaign-support/,public_secondary,投放前准备和执行协助
新加坡理财投放,ad-campaign-support,/services/ad-campaign-support/,public_secondary,投放前准备和执行协助
新加坡虚拟币投放,ad-campaign-support,/services/ad-campaign-support/,public_secondary,投放前准备和执行协助
新加坡贷款投放,ad-campaign-support,/services/ad-campaign-support/,public_secondary,投放前准备和执行协助
日本保险投放,ad-campaign-support,/services/ad-campaign-support/,public_secondary,投放前准备和执行协助
日本加密货币投放,ad-campaign-support,/services/ad-campaign-support/,public_secondary,投放前准备和执行协助
日本加密货币获客,ad-campaign-support,/services/ad-campaign-support/,public_secondary,投放前准备和执行协助
日本广告投放,ad-campaign-support,/services/ad-campaign-support/,public_secondary,投放前准备和执行协助
日本游戏投放,ad-campaign-support,/services/ad-campaign-support/,public_secondary,投放前准备和执行协助
日本理财投放,ad-campaign-support,/services/ad-campaign-support/,public_secondary,投放前准备和执行协助
日本虚拟币投放,ad-campaign-support,/services/ad-campaign-support/,public_secondary,投放前准备和执行协助
日本贷款投放,ad-campaign-support,/services/ad-campaign-support/,public_secondary,投放前准备和执行协助
欧洲保险投放,ad-campaign-support,/services/ad-campaign-support/,public_secondary,投放前准备和执行协助
欧洲加密货币投放,ad-campaign-support,/services/ad-campaign-support/,public_secondary,投放前准备和执行协助
欧洲加密货币获客,ad-campaign-support,/services/ad-campaign-support/,public_secondary,投放前准备和执行协助
欧洲广告投放,ad-campaign-support,/services/ad-campaign-support/,public_secondary,投放前准备和执行协助
欧洲游戏投放,ad-campaign-support,/services/ad-campaign-support/,public_secondary,投放前准备和执行协助
欧洲理财投放,ad-campaign-support,/services/ad-campaign-support/,public_secondary,投放前准备和执行协助
欧洲虚拟币投放,ad-campaign-support,/services/ad-campaign-support/,public_secondary,投放前准备和执行协助
欧洲贷款投放,ad-campaign-support,/services/ad-campaign-support/,public_secondary,投放前准备和执行协助
泰国保险投放,ad-campaign-support,/services/ad-campaign-support/,public_secondary,投放前准备和执行协助
泰国加密货币投放,ad-campaign-support,/services/ad-campaign-support/,public_secondary,投放前准备和执行协助
泰国加密货币获客,ad-campaign-support,/services/ad-campaign-support/,public_secondary,投放前准备和执行协助
泰国广告投放,ad-campaign-support,/services/ad-campaign-support/,public_secondary,投放前准备和执行协助
泰国游戏投放,ad-campaign-support,/services/ad-campaign-support/,public_secondary,投放前准备和执行协助
泰国理财投放,ad-campaign-support,/services/ad-campaign-support/,public_secondary,投放前准备和执行协助
泰国虚拟币投放,ad-campaign-support,/services/ad-campaign-support/,public_secondary,投放前准备和执行协助
泰国贷款投放,ad-campaign-support,/services/ad-campaign-support/,public_secondary,投放前准备和执行协助
游戏信息流投放,ad-campaign-support,/services/ad-campaign-support/,public_secondary,投放前准备和执行协助
游戏广告代投,ad-campaign-support,/services/ad-campaign-support/,public_secondary,投放前准备和执行协助
游戏广告投放,ad-campaign-support,/services/ad-campaign-support/,public_secondary,投放前准备和执行协助
游戏投放,ad-campaign-support,/services/ad-campaign-support/,public_secondary,投放前准备和执行协助
游戏搜索广告投放,ad-campaign-support,/services/ad-campaign-support/,public_secondary,投放前准备和执行协助
澳大利亚保险投放,ad-campaign-support,/services/ad-campaign-support/,public_secondary,投放前准备和执行协助
澳大利亚加密货币投放,ad-campaign-support,/services/ad-campaign-support/,public_secondary,投放前准备和执行协助
澳大利亚加密货币获客,ad-campaign-support,/services/ad-campaign-support/,public_secondary,投放前准备和执行协助
澳大利亚广告投放,ad-campaign-support,/services/ad-campaign-support/,public_secondary,投放前准备和执行协助
澳大利亚游戏投放,ad-campaign-support,/services/ad-campaign-support/,public_secondary,投放前准备和执行协助
澳大利亚理财投放,ad-campaign-support,/services/ad-campaign-support/,public_secondary,投放前准备和执行协助
澳大利亚虚拟币投放,ad-campaign-support,/services/ad-campaign-support/,public_secondary,投放前准备和执行协助
澳大利亚贷款投放,ad-campaign-support,/services/ad-campaign-support/,public_secondary,投放前准备和执行协助
理财买量,ad-campaign-support,/services/ad-campaign-support/,public_secondary,投放前准备和执行协助
理财代投,ad-campaign-support,/services/ad-campaign-support/,public_secondary,投放前准备和执行协助
理财代运营,ad-campaign-support,/services/ad-campaign-support/,public_secondary,投放前准备和执行协助
理财信息流投放,ad-campaign-support,/services/ad-campaign-support/,public_secondary,投放前准备和执行协助
理财广告代投,ad-campaign-support,/services/ad-campaign-support/,public_secondary,投放前准备和执行协助
理财广告投放,ad-campaign-support,/services/ad-campaign-support/,public_secondary,投放前准备和执行协助
理财投放,ad-campaign-support,/services/ad-campaign-support/,public_secondary,投放前准备和执行协助
理财投流,ad-campaign-support,/services/ad-campaign-support/,public_secondary,投放前准备和执行协助
理财拉新,ad-campaign-support,/services/ad-campaign-support/,public_secondary,投放前准备和执行协助
理财推广代运营,ad-campaign-support,/services/ad-campaign-support/,public_secondary,投放前准备和执行协助
理财推广引流,ad-campaign-support,/services/ad-campaign-support/,public_secondary,投放前准备和执行协助
理财搜索广告投放,ad-campaign-support,/services/ad-campaign-support/,public_secondary,投放前准备和执行协助
理财精准引流,ad-campaign-support,/services/ad-campaign-support/,public_secondary,投放前准备和执行协助
理财精准获客,ad-campaign-support,/services/ad-campaign-support/,public_secondary,投放前准备和执行协助
美国保险投放,ad-campaign-support,/services/ad-campaign-support/,public_secondary,投放前准备和执行协助
美国加密货币投放,ad-campaign-support,/services/ad-campaign-support/,public_secondary,投放前准备和执行协助
美国加密货币获客,ad-campaign-support,/services/ad-campaign-support/,public_secondary,投放前准备和执行协助
美国广告投放,ad-campaign-support,/services/ad-campaign-support/,public_secondary,投放前准备和执行协助
美国游戏投放,ad-campaign-support,/services/ad-campaign-support/,public_secondary,投放前准备和执行协助
美国理财投放,ad-campaign-support,/services/ad-campaign-support/,public_secondary,投放前准备和执行协助
美国虚拟币投放,ad-campaign-support,/services/ad-campaign-support/,public_secondary,投放前准备和执行协助
美国贷款投放,ad-campaign-support,/services/ad-campaign-support/,public_secondary,投放前准备和执行协助
英国保险投放,ad-campaign-support,/services/ad-campaign-support/,public_secondary,投放前准备和执行协助
英国加密货币投放,ad-campaign-support,/services/ad-campaign-support/,public_secondary,投放前准备和执行协助
英国加密货币获客,ad-campaign-support,/services/ad-campaign-support/,public_secondary,投放前准备和执行协助
英国广告投放,ad-campaign-support,/services/ad-campaign-support/,public_secondary,投放前准备和执行协助
英国游戏投放,ad-campaign-support,/services/ad-campaign-support/,public_secondary,投放前准备和执行协助
英国理财投放,ad-campaign-support,/services/ad-campaign-support/,public_secondary,投放前准备和执行协助
英国虚拟币投放,ad-campaign-support,/services/ad-campaign-support/,public_secondary,投放前准备和执行协助
英国贷款投放,ad-campaign-support,/services/ad-campaign-support/,public_secondary,投放前准备和执行协助
虚拟币买量,ad-campaign-support,/services/ad-campaign-support/,public_secondary,投放前准备和执行协助
虚拟币代投,ad-campaign-support,/services/ad-campaign-support/,public_secondary,投放前准备和执行协助
虚拟币代运营,ad-campaign-support,/services/ad-campaign-support/,public_secondary,投放前准备和执行协助
虚拟币信息流投放,ad-campaign-support,/services/ad-campaign-support/,public_secondary,投放前准备和执行协助
虚拟币广告代投,ad-campaign-support,/services/ad-campaign-support/,public_secondary,投放前准备和执行协助
虚拟币广告投放,ad-campaign-support,/services/ad-campaign-support/,public_secondary,投放前准备和执行协助
虚拟币投放,ad-campaign-support,/services/ad-campaign-support/,public_secondary,投放前准备和执行协助
虚拟币投流,ad-campaign-support,/services/ad-campaign-support/,public_secondary,投放前准备和执行协助
虚拟币推广代运营,ad-campaign-support,/services/ad-campaign-support/,public_secondary,投放前准备和执行协助
虚拟币推广引流,ad-campaign-support,/services/ad-campaign-support/,public_secondary,投放前准备和执行协助
虚拟币搜索广告投放,ad-campaign-support,/services/ad-campaign-support/,public_secondary,投放前准备和执行协助
虚拟币精准引流,ad-campaign-support,/services/ad-campaign-support/,public_secondary,投放前准备和执行协助
虚拟币精准获客,ad-campaign-support,/services/ad-campaign-support/,public_secondary,投放前准备和执行协助
谷歌交友App注册投放,ad-campaign-support,/services/ad-campaign-support/,public_secondary,投放前准备和执行协助
谷歌保险买量,ad-campaign-support,/services/ad-campaign-support/,public_secondary,投放前准备和执行协助
谷歌保险投放,ad-campaign-support,/services/ad-campaign-support/,public_secondary,投放前准备和执行协助
谷歌信息流投放,ad-campaign-support,/services/ad-campaign-support/,public_secondary,投放前准备和执行协助
谷歌加密货币买量,ad-campaign-support,/services/ad-campaign-support/,public_secondary,投放前准备和执行协助
谷歌加密货币投放,ad-campaign-support,/services/ad-campaign-support/,public_secondary,投放前准备和执行协助
谷歌加密货币获客,ad-campaign-support,/services/ad-campaign-support/,public_secondary,投放前准备和执行协助
谷歌广告代投,ad-campaign-support,/services/ad-campaign-support/,public_secondary,投放前准备和执行协助
谷歌广告投放,ad-campaign-support,/services/ad-campaign-support/,public_secondary,投放前准备和执行协助
谷歌投放,ad-campaign-support,/services/ad-campaign-support/,public_secondary,投放前准备和执行协助
谷歌搜索广告投放,ad-campaign-support,/services/ad-campaign-support/,public_secondary,投放前准备和执行协助
谷歌游戏引流,ad-campaign-support,/services/ad-campaign-support/,public_secondary,投放前准备和执行协助
谷歌游戏投放,ad-campaign-support,/services/ad-campaign-support/,public_secondary,投放前准备和执行协助
谷歌游戏获客,ad-campaign-support,/services/ad-campaign-support/,public_secondary,投放前准备和执行协助
谷歌理财买量,ad-campaign-support,/services/ad-campaign-support/,public_secondary,投放前准备和执行协助
谷歌理财投放,ad-campaign-support,/services/ad-campaign-support/,public_secondary,投放前准备和执行协助
谷歌真人交友投放,ad-campaign-support,/services/ad-campaign-support/,public_secondary,投放前准备和执行协助
谷歌虚拟币买量,ad-campaign-support,/services/ad-campaign-support/,public_secondary,投放前准备和执行协助
谷歌虚拟币投放,ad-campaign-support,/services/ad-campaign-support/,public_secondary,投放前准备和执行协助
谷歌贷款买量,ad-campaign-support,/services/ad-campaign-support/,public_secondary,投放前准备和执行协助
谷歌贷款投放,ad-campaign-support,/services/ad-campaign-support/,public_secondary,投放前准备和执行协助
贷款信息流投放,ad-campaign-support,/services/ad-campaign-support/,public_secondary,投放前准备和执行协助
贷款广告代投,ad-campaign-support,/services/ad-campaign-support/,public_secondary,投放前准备和执行协助
贷款广告投放,ad-campaign-support,/services/ad-campaign-support/,public_secondary,投放前准备和执行协助
贷款投放,ad-campaign-support,/services/ad-campaign-support/,public_secondary,投放前准备和执行协助
贷款搜索广告投放,ad-campaign-support,/services/ad-campaign-support/,public_secondary,投放前准备和执行协助
越南保险投放,ad-campaign-support,/services/ad-campaign-support/,public_secondary,投放前准备和执行协助
越南加密货币投放,ad-campaign-support,/services/ad-campaign-support/,public_secondary,投放前准备和执行协助
越南加密货币获客,ad-campaign-support,/services/ad-campaign-support/,public_secondary,投放前准备和执行协助
越南广告投放,ad-campaign-support,/services/ad-campaign-support/,public_secondary,投放前准备和执行协助
越南游戏投放,ad-campaign-support,/services/ad-campaign-support/,public_secondary,投放前准备和执行协助
越南理财投放,ad-campaign-support,/services/ad-campaign-support/,public_secondary,投放前准备和执行协助
越南虚拟币投放,ad-campaign-support,/services/ad-campaign-support/,public_secondary,投放前准备和执行协助
越南贷款投放,ad-campaign-support,/services/ad-campaign-support/,public_secondary,投放前准备和执行协助
韩国保险投放,ad-campaign-support,/services/ad-campaign-support/,public_secondary,投放前准备和执行协助
韩国加密货币投放,ad-campaign-support,/services/ad-campaign-support/,public_secondary,投放前准备和执行协助
韩国加密货币获客,ad-campaign-support,/services/ad-campaign-support/,public_secondary,投放前准备和执行协助
韩国广告投放,ad-campaign-support,/services/ad-campaign-support/,public_secondary,投放前准备和执行协助
韩国游戏投放,ad-campaign-support,/services/ad-campaign-support/,public_secondary,投放前准备和执行协助
韩国理财投放,ad-campaign-support,/services/ad-campaign-support/,public_secondary,投放前准备和执行协助
韩国虚拟币投放,ad-campaign-support,/services/ad-campaign-support/,public_secondary,投放前准备和执行协助
韩国贷款投放,ad-campaign-support,/services/ad-campaign-support/,public_secondary,投放前准备和执行协助
马来西亚保险投放,ad-campaign-support,/services/ad-campaign-support/,public_secondary,投放前准备和执行协助
马来西亚加密货币投放,ad-campaign-support,/services/ad-campaign-support/,public_secondary,投放前准备和执行协助
马来西亚加密货币获客,ad-campaign-support,/services/ad-campaign-support/,public_secondary,投放前准备和执行协助
马来西亚广告投放,ad-campaign-support,/services/ad-campaign-support/,public_secondary,投放前准备和执行协助
马来西亚游戏投放,ad-campaign-support,/services/ad-campaign-support/,public_secondary,投放前准备和执行协助
马来西亚理财投放,ad-campaign-support,/services/ad-campaign-support/,public_secondary,投放前准备和执行协助
马来西亚虚拟币投放,ad-campaign-support,/services/ad-campaign-support/,public_secondary,投放前准备和执行协助
马来西亚贷款投放,ad-campaign-support,/services/ad-campaign-support/,public_secondary,投放前准备和执行协助
Cloak,blocked,,blocked,unmapped
三不限,blocked,,blocked,unmapped
任何平台都能过,blocked,,blocked,unmapped
任何行业都能投,blocked,,blocked,unmapped
仿牌,blocked,,blocked,unmapped
保证不限号,blocked,,blocked,unmapped
保证收益,blocked,,blocked,unmapped
保证效果,blocked,,blocked,unmapped
保证转化,blocked,,blocked,unmapped
保证过审,blocked,,blocked,unmapped
博彩,blocked,,blocked,unmapped
抗风控,blocked,,blocked,unmapped
绕过平台政策,blocked,,blocked,unmapped
规避审核,blocked,,blocked,unmapped
违规业务也能做,blocked,,blocked,unmapped
黑五类,blocked,,blocked,unmapped
交易所拉新价格,crypto-promotion,/topics/crypto-promotion/,future_blog,long_tail_question
交易所拉新哪家好,crypto-promotion,/topics/crypto-promotion/,future_blog,long_tail_question
交易所拉新多少钱,crypto-promotion,/topics/crypto-promotion/,future_blog,long_tail_question
交易所拉新平台,crypto-promotion,/topics/crypto-promotion/,future_blog,long_tail_question
交易所拉新怎么做,crypto-promotion,/topics/crypto-promotion/,future_blog,long_tail_question
交易所拉新怎么找,crypto-promotion,/topics/crypto-promotion/,future_blog,long_tail_question
交易所拉新怎么投,crypto-promotion,/topics/crypto-promotion/,future_blog,long_tail_question
交易所拉新怎么收费,crypto-promotion,/topics/crypto-promotion/,future_blog,long_tail_question
交易所拉新报价,crypto-promotion,/topics/crypto-promotion/,future_blog,long_tail_question
交易所拉新渠道,crypto-promotion,/topics/crypto-promotion/,future_blog,long_tail_question
交易所拉新费用,crypto-promotion,/topics/crypto-promotion/,future_blog,long_tail_question
交易所拉新靠谱吗,crypto-promotion,/topics/crypto-promotion/,future_blog,long_tail_question
币圈引流价格,crypto-promotion,/topics/crypto-promotion/,future_blog,long_tail_question
币圈引流哪家好,crypto-promotion,/topics/crypto-promotion/,future_blog,long_tail_question
币圈引流多少钱,crypto-promotion,/topics/crypto-promotion/,future_blog,long_tail_question
币圈引流平台,crypto-promotion,/topics/crypto-promotion/,future_blog,long_tail_question
币圈引流怎么做,crypto-promotion,/topics/crypto-promotion/,future_blog,long_tail_question
币圈引流怎么找,crypto-promotion,/topics/crypto-promotion/,future_blog,long_tail_question
币圈引流怎么投,crypto-promotion,/topics/crypto-promotion/,future_blog,long_tail_question
币圈引流怎么收费,crypto-promotion,/topics/crypto-promotion/,future_blog,long_tail_question
币圈引流报价,crypto-promotion,/topics/crypto-promotion/,future_blog,long_tail_question
币圈引流渠道,crypto-promotion,/topics/crypto-promotion/,future_blog,long_tail_question
币圈引流费用,crypto-promotion,/topics/crypto-promotion/,future_blog,long_tail_question
币圈引流靠谱吗,crypto-promotion,/topics/crypto-promotion/,future_blog,long_tail_question
虚拟币推广价格,crypto-promotion,/topics/crypto-promotion/,future_blog,long_tail_question
虚拟币推广哪家好,crypto-promotion,/topics/crypto-promotion/,future_blog,long_tail_question
虚拟币推广多少钱,crypto-promotion,/topics/crypto-promotion/,future_blog,long_tail_question
虚拟币推广平台,crypto-promotion,/topics/crypto-promotion/,future_blog,long_tail_question
虚拟币推广怎么做,crypto-promotion,/topics/crypto-promotion/,future_blog,long_tail_question
虚拟币推广怎么找,crypto-promotion,/topics/crypto-promotion/,future_blog,long_tail_question
虚拟币推广怎么投,crypto-promotion,/topics/crypto-promotion/,future_blog,long_tail_question
虚拟币推广怎么收费,crypto-promotion,/topics/crypto-promotion/,future_blog,long_tail_question
虚拟币推广报价,crypto-promotion,/topics/crypto-promotion/,future_blog,long_tail_question
虚拟币推广渠道,crypto-promotion,/topics/crypto-promotion/,future_blog,long_tail_question
虚拟币推广费用,crypto-promotion,/topics/crypto-promotion/,future_blog,long_tail_question
虚拟币推广靠谱吗,crypto-promotion,/topics/crypto-promotion/,future_blog,long_tail_question
谷歌Slot引流,crypto-promotion,/topics/crypto-promotion/,internal_only,虚拟币、币圈、交易所拉新
谷歌交友粉引流,crypto-promotion,/topics/crypto-promotion/,internal_only,虚拟币、币圈、交易所拉新
谷歌债务引流,crypto-promotion,/topics/crypto-promotion/,internal_only,虚拟币、币圈、交易所拉新
谷歌充值色粉引流,crypto-promotion,/topics/crypto-promotion/,internal_only,虚拟币、币圈、交易所拉新
谷歌成人兴趣粉引流,crypto-promotion,/topics/crypto-promotion/,internal_only,虚拟币、币圈、交易所拉新
谷歌成人粉引流,crypto-promotion,/topics/crypto-promotion/,internal_only,虚拟币、币圈、交易所拉新
谷歌精准色粉引流,crypto-promotion,/topics/crypto-promotion/,internal_only,虚拟币、币圈、交易所拉新
谷歌索赔引流,crypto-promotion,/topics/crypto-promotion/,internal_only,虚拟币、币圈、交易所拉新
谷歌维权引流,crypto-promotion,/topics/crypto-promotion/,internal_only,虚拟币、币圈、交易所拉新
谷歌色粉引流,crypto-promotion,/topics/crypto-promotion/,internal_only,虚拟币、币圈、交易所拉新
币圈引流,crypto-promotion,/topics/crypto-promotion/,public_primary,虚拟币、币圈、交易所拉新
虚拟币推广,crypto-promotion,/topics/crypto-promotion/,public_primary,虚拟币、币圈、交易所拉新
FB交易所拉新买量,crypto-promotion,/topics/crypto-promotion/,public_secondary,虚拟币、币圈、交易所拉新
FB交易所拉新引流,crypto-promotion,/topics/crypto-promotion/,public_secondary,虚拟币、币圈、交易所拉新
FB交易所拉新投放,crypto-promotion,/topics/crypto-promotion/,public_secondary,虚拟币、币圈、交易所拉新
FB交易所拉新推广,crypto-promotion,/topics/crypto-promotion/,public_secondary,虚拟币、币圈、交易所拉新
FB交易所拉新获客,crypto-promotion,/topics/crypto-promotion/,public_secondary,虚拟币、币圈、交易所拉新
FB加密货币引流,crypto-promotion,/topics/crypto-promotion/,public_secondary,虚拟币、币圈、交易所拉新
FB加密货币推广,crypto-promotion,/topics/crypto-promotion/,public_secondary,虚拟币、币圈、交易所拉新
FB币圈引流,crypto-promotion,/topics/crypto-promotion/,public_secondary,虚拟币、币圈、交易所拉新
FB币圈引流买量,crypto-promotion,/topics/crypto-promotion/,public_secondary,虚拟币、币圈、交易所拉新
FB币圈引流投放,crypto-promotion,/topics/crypto-promotion/,public_secondary,虚拟币、币圈、交易所拉新
FB币圈引流推广,crypto-promotion,/topics/crypto-promotion/,public_secondary,虚拟币、币圈、交易所拉新
FB币圈引流获客,crypto-promotion,/topics/crypto-promotion/,public_secondary,虚拟币、币圈、交易所拉新
FB虚拟币引流,crypto-promotion,/topics/crypto-promotion/,public_secondary,虚拟币、币圈、交易所拉新
FB虚拟币推广,crypto-promotion,/topics/crypto-promotion/,public_secondary,虚拟币、币圈、交易所拉新
FB虚拟币推广买量,crypto-promotion,/topics/crypto-promotion/,public_secondary,虚拟币、币圈、交易所拉新
FB虚拟币推广引流,crypto-promotion,/topics/crypto-promotion/,public_secondary,虚拟币、币圈、交易所拉新
FB虚拟币推广投放,crypto-promotion,/topics/crypto-promotion/,public_secondary,虚拟币、币圈、交易所拉新
FB虚拟币推广获客,crypto-promotion,/topics/crypto-promotion/,public_secondary,虚拟币、币圈、交易所拉新
TK交易所拉新买量,crypto-promotion,/topics/crypto-promotion/,public_secondary,虚拟币、币圈、交易所拉新
TK交易所拉新引流,crypto-promotion,/topics/crypto-promotion/,public_secondary,虚拟币、币圈、交易所拉新
TK交易所拉新投放,crypto-promotion,/topics/crypto-promotion/,public_secondary,虚拟币、币圈、交易所拉新
TK交易所拉新推广,crypto-promotion,/topics/crypto-promotion/,public_secondary,虚拟币、币圈、交易所拉新
TK交易所拉新获客,crypto-promotion,/topics/crypto-promotion/,public_secondary,虚拟币、币圈、交易所拉新
TK加密货币引流,crypto-promotion,/topics/crypto-promotion/,public_secondary,虚拟币、币圈、交易所拉新
TK加密货币推广,crypto-promotion,/topics/crypto-promotion/,public_secondary,虚拟币、币圈、交易所拉新
TK币圈引流,crypto-promotion,/topics/crypto-promotion/,public_secondary,虚拟币、币圈、交易所拉新
TK币圈引流买量,crypto-promotion,/topics/crypto-promotion/,public_secondary,虚拟币、币圈、交易所拉新
TK币圈引流投放,crypto-promotion,/topics/crypto-promotion/,public_secondary,虚拟币、币圈、交易所拉新
TK币圈引流推广,crypto-promotion,/topics/crypto-promotion/,public_secondary,虚拟币、币圈、交易所拉新
TK币圈引流获客,crypto-promotion,/topics/crypto-promotion/,public_secondary,虚拟币、币圈、交易所拉新
TK虚拟币引流,crypto-promotion,/topics/crypto-promotion/,public_secondary,虚拟币、币圈、交易所拉新
TK虚拟币推广,crypto-promotion,/topics/crypto-promotion/,public_secondary,虚拟币、币圈、交易所拉新
TK虚拟币推广买量,crypto-promotion,/topics/crypto-promotion/,public_secondary,虚拟币、币圈、交易所拉新
TK虚拟币推广引流,crypto-promotion,/topics/crypto-promotion/,public_secondary,虚拟币、币圈、交易所拉新
TK虚拟币推广投放,crypto-promotion,/topics/crypto-promotion/,public_secondary,虚拟币、币圈、交易所拉新
TK虚拟币推广获客,crypto-promotion,/topics/crypto-promotion/,public_secondary,虚拟币、币圈、交易所拉新
中东交易所拉新引流,crypto-promotion,/topics/crypto-promotion/,public_secondary,虚拟币、币圈、交易所拉新
中东交易所拉新投放,crypto-promotion,/topics/crypto-promotion/,public_secondary,虚拟币、币圈、交易所拉新
中东交易所拉新推广,crypto-promotion,/topics/crypto-promotion/,public_secondary,虚拟币、币圈、交易所拉新
中东交易所拉新获客,crypto-promotion,/topics/crypto-promotion/,public_secondary,虚拟币、币圈、交易所拉新
中东加密货币引流,crypto-promotion,/topics/crypto-promotion/,public_secondary,虚拟币、币圈、交易所拉新
中东加密货币推广,crypto-promotion,/topics/crypto-promotion/,public_secondary,虚拟币、币圈、交易所拉新
中东币圈引流,crypto-promotion,/topics/crypto-promotion/,public_secondary,虚拟币、币圈、交易所拉新
中东币圈引流投放,crypto-promotion,/topics/crypto-promotion/,public_secondary,虚拟币、币圈、交易所拉新
中东币圈引流推广,crypto-promotion,/topics/crypto-promotion/,public_secondary,虚拟币、币圈、交易所拉新
中东币圈引流获客,crypto-promotion,/topics/crypto-promotion/,public_secondary,虚拟币、币圈、交易所拉新
中东虚拟币引流,crypto-promotion,/topics/crypto-promotion/,public_secondary,虚拟币、币圈、交易所拉新
中东虚拟币推广引流,crypto-promotion,/topics/crypto-promotion/,public_secondary,虚拟币、币圈、交易所拉新
中东虚拟币推广投放,crypto-promotion,/topics/crypto-promotion/,public_secondary,虚拟币、币圈、交易所拉新
中东虚拟币推广获客,crypto-promotion,/topics/crypto-promotion/,public_secondary,虚拟币、币圈、交易所拉新
交易所拉新,crypto-promotion,/topics/crypto-promotion/,public_secondary,虚拟币、币圈、交易所拉新
交易所拉新买量,crypto-promotion,/topics/crypto-promotion/,public_secondary,虚拟币、币圈、交易所拉新
交易所拉新代投,crypto-promotion,/topics/crypto-promotion/,public_secondary,虚拟币、币圈、交易所拉新
交易所拉新代运营,crypto-promotion,/topics/crypto-promotion/,public_secondary,虚拟币、币圈、交易所拉新
交易所拉新信息流投放,crypto-promotion,/topics/crypto-promotion/,public_secondary,虚拟币、币圈、交易所拉新
交易所拉新广告代投,crypto-promotion,/topics/crypto-promotion/,public_secondary,虚拟币、币圈、交易所拉新
交易所拉新广告投放,crypto-promotion,/topics/crypto-promotion/,public_secondary,虚拟币、币圈、交易所拉新
交易所拉新引流,crypto-promotion,/topics/crypto-promotion/,public_secondary,虚拟币、币圈、交易所拉新
交易所拉新投放,crypto-promotion,/topics/crypto-promotion/,public_secondary,虚拟币、币圈、交易所拉新
交易所拉新投流,crypto-promotion,/topics/crypto-promotion/,public_secondary,虚拟币、币圈、交易所拉新
交易所拉新推广,crypto-promotion,/topics/crypto-promotion/,public_secondary,虚拟币、币圈、交易所拉新
交易所拉新推广代运营,crypto-promotion,/topics/crypto-promotion/,public_secondary,虚拟币、币圈、交易所拉新
交易所拉新推广引流,crypto-promotion,/topics/crypto-promotion/,public_secondary,虚拟币、币圈、交易所拉新
交易所拉新搜索广告投放,crypto-promotion,/topics/crypto-promotion/,public_secondary,虚拟币、币圈、交易所拉新
交易所拉新精准引流,crypto-promotion,/topics/crypto-promotion/,public_secondary,虚拟币、币圈、交易所拉新
交易所拉新精准获客,crypto-promotion,/topics/crypto-promotion/,public_secondary,虚拟币、币圈、交易所拉新
交易所拉新获客,crypto-promotion,/topics/crypto-promotion/,public_secondary,虚拟币、币圈、交易所拉新
俄罗斯交易所拉新引流,crypto-promotion,/topics/crypto-promotion/,public_secondary,虚拟币、币圈、交易所拉新
俄罗斯交易所拉新投放,crypto-promotion,/topics/crypto-promotion/,public_secondary,虚拟币、币圈、交易所拉新
俄罗斯交易所拉新推广,crypto-promotion,/topics/crypto-promotion/,public_secondary,虚拟币、币圈、交易所拉新
俄罗斯交易所拉新获客,crypto-promotion,/topics/crypto-promotion/,public_secondary,虚拟币、币圈、交易所拉新
俄罗斯加密货币引流,crypto-promotion,/topics/crypto-promotion/,public_secondary,虚拟币、币圈、交易所拉新
俄罗斯加密货币推广,crypto-promotion,/topics/crypto-promotion/,public_secondary,虚拟币、币圈、交易所拉新
俄罗斯币圈引流,crypto-promotion,/topics/crypto-promotion/,public_secondary,虚拟币、币圈、交易所拉新
俄罗斯币圈引流投放,crypto-promotion,/topics/crypto-promotion/,public_secondary,虚拟币、币圈、交易所拉新
俄罗斯币圈引流推广,crypto-promotion,/topics/crypto-promotion/,public_secondary,虚拟币、币圈、交易所拉新
俄罗斯币圈引流获客,crypto-promotion,/topics/crypto-promotion/,public_secondary,虚拟币、币圈、交易所拉新
俄罗斯虚拟币引流,crypto-promotion,/topics/crypto-promotion/,public_secondary,虚拟币、币圈、交易所拉新
俄罗斯虚拟币推广引流,crypto-promotion,/topics/crypto-promotion/,public_secondary,虚拟币、币圈、交易所拉新
俄罗斯虚拟币推广投放,crypto-promotion,/topics/crypto-promotion/,public_secondary,虚拟币、币圈、交易所拉新
俄罗斯虚拟币推广获客,crypto-promotion,/topics/crypto-promotion/,public_secondary,虚拟币、币圈、交易所拉新
加密货币引流,crypto-promotion,/topics/crypto-promotion/,public_secondary,虚拟币、币圈、交易所拉新
加密货币拉新,crypto-promotion,/topics/crypto-promotion/,public_secondary,虚拟币、币圈、交易所拉新
加密货币推广,crypto-promotion,/topics/crypto-promotion/,public_secondary,虚拟币、币圈、交易所拉新
加拿大交易所拉新引流,crypto-promotion,/topics/crypto-promotion/,public_secondary,虚拟币、币圈、交易所拉新
加拿大交易所拉新投放,crypto-promotion,/topics/crypto-promotion/,public_secondary,虚拟币、币圈、交易所拉新
加拿大交易所拉新推广,crypto-promotion,/topics/crypto-promotion/,public_secondary,虚拟币、币圈、交易所拉新
加拿大交易所拉新获客,crypto-promotion,/topics/crypto-promotion/,public_secondary,虚拟币、币圈、交易所拉新
加拿大加密货币引流,crypto-promotion,/topics/crypto-promotion/,public_secondary,虚拟币、币圈、交易所拉新
加拿大加密货币推广,crypto-promotion,/topics/crypto-promotion/,public_secondary,虚拟币、币圈、交易所拉新
加拿大币圈引流,crypto-promotion,/topics/crypto-promotion/,public_secondary,虚拟币、币圈、交易所拉新
加拿大币圈引流投放,crypto-promotion,/topics/crypto-promotion/,public_secondary,虚拟币、币圈、交易所拉新
加拿大币圈引流推广,crypto-promotion,/topics/crypto-promotion/,public_secondary,虚拟币、币圈、交易所拉新
加拿大币圈引流获客,crypto-promotion,/topics/crypto-promotion/,public_secondary,虚拟币、币圈、交易所拉新
加拿大虚拟币引流,crypto-promotion,/topics/crypto-promotion/,public_secondary,虚拟币、币圈、交易所拉新
加拿大虚拟币推广引流,crypto-promotion,/topics/crypto-promotion/,public_secondary,虚拟币、币圈、交易所拉新
加拿大虚拟币推广投放,crypto-promotion,/topics/crypto-promotion/,public_secondary,虚拟币、币圈、交易所拉新
加拿大虚拟币推广获客,crypto-promotion,/topics/crypto-promotion/,public_secondary,虚拟币、币圈、交易所拉新
印度交易所拉新引流,crypto-promotion,/topics/crypto-promotion/,public_secondary,虚拟币、币圈、交易所拉新
印度交易所拉新投放,crypto-promotion,/topics/crypto-promotion/,public_secondary,虚拟币、币圈、交易所拉新
印度交易所拉新推广,crypto-promotion,/topics/crypto-promotion/,public_secondary,虚拟币、币圈、交易所拉新
印度交易所拉新获客,crypto-promotion,/topics/crypto-promotion/,public_secondary,虚拟币、币圈、交易所拉新
印度加密货币引流,crypto-promotion,/topics/crypto-promotion/,public_secondary,虚拟币、币圈、交易所拉新
印度加密货币推广,crypto-promotion,/topics/crypto-promotion/,public_secondary,虚拟币、币圈、交易所拉新
印度币圈引流,crypto-promotion,/topics/crypto-promotion/,public_secondary,虚拟币、币圈、交易所拉新
印度币圈引流投放,crypto-promotion,/topics/crypto-promotion/,public_secondary,虚拟币、币圈、交易所拉新
印度币圈引流推广,crypto-promotion,/topics/crypto-promotion/,public_secondary,虚拟币、币圈、交易所拉新
印度币圈引流获客,crypto-promotion,/topics/crypto-promotion/,public_secondary,虚拟币、币圈、交易所拉新
印度虚拟币引流,crypto-promotion,/topics/crypto-promotion/,public_secondary,虚拟币、币圈、交易所拉新
印度虚拟币推广引流,crypto-promotion,/topics/crypto-promotion/,public_secondary,虚拟币、币圈、交易所拉新
印度虚拟币推广投放,crypto-promotion,/topics/crypto-promotion/,public_secondary,虚拟币、币圈、交易所拉新
印度虚拟币推广获客,crypto-promotion,/topics/crypto-promotion/,public_secondary,虚拟币、币圈、交易所拉新
台湾交易所拉新引流,crypto-promotion,/topics/crypto-promotion/,public_secondary,虚拟币、币圈、交易所拉新
台湾交易所拉新投放,crypto-promotion,/topics/crypto-promotion/,public_secondary,虚拟币、币圈、交易所拉新
台湾交易所拉新推广,crypto-promotion,/topics/crypto-promotion/,public_secondary,虚拟币、币圈、交易所拉新
台湾交易所拉新获客,crypto-promotion,/topics/crypto-promotion/,public_secondary,虚拟币、币圈、交易所拉新
台湾加密货币引流,crypto-promotion,/topics/crypto-promotion/,public_secondary,虚拟币、币圈、交易所拉新
台湾加密货币推广,crypto-promotion,/topics/crypto-promotion/,public_secondary,虚拟币、币圈、交易所拉新
台湾币圈引流,crypto-promotion,/topics/crypto-promotion/,public_secondary,虚拟币、币圈、交易所拉新
台湾币圈引流投放,crypto-promotion,/topics/crypto-promotion/,public_secondary,虚拟币、币圈、交易所拉新
台湾币圈引流推广,crypto-promotion,/topics/crypto-promotion/,public_secondary,虚拟币、币圈、交易所拉新
台湾币圈引流获客,crypto-promotion,/topics/crypto-promotion/,public_secondary,虚拟币、币圈、交易所拉新
台湾虚拟币引流,crypto-promotion,/topics/crypto-promotion/,public_secondary,虚拟币、币圈、交易所拉新
台湾虚拟币推广引流,crypto-promotion,/topics/crypto-promotion/,public_secondary,虚拟币、币圈、交易所拉新
台湾虚拟币推广投放,crypto-promotion,/topics/crypto-promotion/,public_secondary,虚拟币、币圈、交易所拉新
台湾虚拟币推广获客,crypto-promotion,/topics/crypto-promotion/,public_secondary,虚拟币、币圈、交易所拉新
巴西交易所拉新引流,crypto-promotion,/topics/crypto-promotion/,public_secondary,虚拟币、币圈、交易所拉新
巴西交易所拉新投放,crypto-promotion,/topics/crypto-promotion/,public_secondary,虚拟币、币圈、交易所拉新
巴西交易所拉新推广,crypto-promotion,/topics/crypto-promotion/,public_secondary,虚拟币、币圈、交易所拉新
巴西交易所拉新获客,crypto-promotion,/topics/crypto-promotion/,public_secondary,虚拟币、币圈、交易所拉新
巴西加密货币引流,crypto-promotion,/topics/crypto-promotion/,public_secondary,虚拟币、币圈、交易所拉新
巴西加密货币推广,crypto-promotion,/topics/crypto-promotion/,public_secondary,虚拟币、币圈、交易所拉新
巴西币圈引流,crypto-promotion,/topics/crypto-promotion/,public_secondary,虚拟币、币圈、交易所拉新
巴西币圈引流投放,crypto-promotion,/topics/crypto-promotion/,public_secondary,虚拟币、币圈、交易所拉新
巴西币圈引流推广,crypto-promotion,/topics/crypto-promotion/,public_secondary,虚拟币、币圈、交易所拉新
巴西币圈引流获客,crypto-promotion,/topics/crypto-promotion/,public_secondary,虚拟币、币圈、交易所拉新
巴西虚拟币引流,crypto-promotion,/topics/crypto-promotion/,public_secondary,虚拟币、币圈、交易所拉新
巴西虚拟币推广引流,crypto-promotion,/topics/crypto-promotion/,public_secondary,虚拟币、币圈、交易所拉新
巴西虚拟币推广投放,crypto-promotion,/topics/crypto-promotion/,public_secondary,虚拟币、币圈、交易所拉新
巴西虚拟币推广获客,crypto-promotion,/topics/crypto-promotion/,public_secondary,虚拟币、币圈、交易所拉新
币圈引流买量,crypto-promotion,/topics/crypto-promotion/,public_secondary,虚拟币、币圈、交易所拉新
币圈引流代投,crypto-promotion,/topics/crypto-promotion/,public_secondary,虚拟币、币圈、交易所拉新
币圈引流代运营,crypto-promotion,/topics/crypto-promotion/,public_secondary,虚拟币、币圈、交易所拉新
币圈引流信息流投放,crypto-promotion,/topics/crypto-promotion/,public_secondary,虚拟币、币圈、交易所拉新
币圈引流广告代投,crypto-promotion,/topics/crypto-promotion/,public_secondary,虚拟币、币圈、交易所拉新
币圈引流广告投放,crypto-promotion,/topics/crypto-promotion/,public_secondary,虚拟币、币圈、交易所拉新
币圈引流投放,crypto-promotion,/topics/crypto-promotion/,public_secondary,虚拟币、币圈、交易所拉新
币圈引流投流,crypto-promotion,/topics/crypto-promotion/,public_secondary,虚拟币、币圈、交易所拉新
币圈引流拉新,crypto-promotion,/topics/crypto-promotion/,public_secondary,虚拟币、币圈、交易所拉新
币圈引流推广,crypto-promotion,/topics/crypto-promotion/,public_secondary,虚拟币、币圈、交易所拉新
币圈引流推广代运营,crypto-promotion,/topics/crypto-promotion/,public_secondary,虚拟币、币圈、交易所拉新
币圈引流推广引流,crypto-promotion,/topics/crypto-promotion/,public_secondary,虚拟币、币圈、交易所拉新
币圈引流搜索广告投放,crypto-promotion,/topics/crypto-promotion/,public_secondary,虚拟币、币圈、交易所拉新
币圈引流精准引流,crypto-promotion,/topics/crypto-promotion/,public_secondary,虚拟币、币圈、交易所拉新
币圈引流精准获客,crypto-promotion,/topics/crypto-promotion/,public_secondary,虚拟币、币圈、交易所拉新
币圈引流获客,crypto-promotion,/topics/crypto-promotion/,public_secondary,虚拟币、币圈、交易所拉新
新加坡交易所拉新引流,crypto-promotion,/topics/crypto-promotion/,public_secondary,虚拟币、币圈、交易所拉新
新加坡交易所拉新投放,crypto-promotion,/topics/crypto-promotion/,public_secondary,虚拟币、币圈、交易所拉新
新加坡交易所拉新推广,crypto-promotion,/topics/crypto-promotion/,public_secondary,虚拟币、币圈、交易所拉新
新加坡交易所拉新获客,crypto-promotion,/topics/crypto-promotion/,public_secondary,虚拟币、币圈、交易所拉新
新加坡加密货币引流,crypto-promotion,/topics/crypto-promotion/,public_secondary,虚拟币、币圈、交易所拉新
新加坡加密货币推广,crypto-promotion,/topics/crypto-promotion/,public_secondary,虚拟币、币圈、交易所拉新
新加坡币圈引流,crypto-promotion,/topics/crypto-promotion/,public_secondary,虚拟币、币圈、交易所拉新
新加坡币圈引流投放,crypto-promotion,/topics/crypto-promotion/,public_secondary,虚拟币、币圈、交易所拉新
新加坡币圈引流推广,crypto-promotion,/topics/crypto-promotion/,public_secondary,虚拟币、币圈、交易所拉新
新加坡币圈引流获客,crypto-promotion,/topics/crypto-promotion/,public_secondary,虚拟币、币圈、交易所拉新
新加坡虚拟币引流,crypto-promotion,/topics/crypto-promotion/,public_secondary,虚拟币、币圈、交易所拉新
新加坡虚拟币推广引流,crypto-promotion,/topics/crypto-promotion/,public_secondary,虚拟币、币圈、交易所拉新
新加坡虚拟币推广投放,crypto-promotion,/topics/crypto-promotion/,public_secondary,虚拟币、币圈、交易所拉新
新加坡虚拟币推广获客,crypto-promotion,/topics/crypto-promotion/,public_secondary,虚拟币、币圈、交易所拉新
日本交易所拉新引流,crypto-promotion,/topics/crypto-promotion/,public_secondary,虚拟币、币圈、交易所拉新
日本交易所拉新投放,crypto-promotion,/topics/crypto-promotion/,public_secondary,虚拟币、币圈、交易所拉新
日本交易所拉新推广,crypto-promotion,/topics/crypto-promotion/,public_secondary,虚拟币、币圈、交易所拉新
日本交易所拉新获客,crypto-promotion,/topics/crypto-promotion/,public_secondary,虚拟币、币圈、交易所拉新
日本加密货币引流,crypto-promotion,/topics/crypto-promotion/,public_secondary,虚拟币、币圈、交易所拉新
日本加密货币推广,crypto-promotion,/topics/crypto-promotion/,public_secondary,虚拟币、币圈、交易所拉新
日本币圈引流,crypto-promotion,/topics/crypto-promotion/,public_secondary,虚拟币、币圈、交易所拉新
日本币圈引流投放,crypto-promotion,/topics/crypto-promotion/,public_secondary,虚拟币、币圈、交易所拉新
日本币圈引流推广,crypto-promotion,/topics/crypto-promotion/,public_secondary,虚拟币、币圈、交易所拉新
日本币圈引流获客,crypto-promotion,/topics/crypto-promotion/,public_secondary,虚拟币、币圈、交易所拉新
日本虚拟币引流,crypto-promotion,/topics/crypto-promotion/,public_secondary,虚拟币、币圈、交易所拉新
日本虚拟币推广引流,crypto-promotion,/topics/crypto-promotion/,public_secondary,虚拟币、币圈、交易所拉新
日本虚拟币推广投放,crypto-promotion,/topics/crypto-promotion/,public_secondary,虚拟币、币圈、交易所拉新
日本虚拟币推广获客,crypto-promotion,/topics/crypto-promotion/,public_secondary,虚拟币、币圈、交易所拉新
欧洲交易所拉新引流,crypto-promotion,/topics/crypto-promotion/,public_secondary,虚拟币、币圈、交易所拉新
欧洲交易所拉新投放,crypto-promotion,/topics/crypto-promotion/,public_secondary,虚拟币、币圈、交易所拉新
欧洲交易所拉新推广,crypto-promotion,/topics/crypto-promotion/,public_secondary,虚拟币、币圈、交易所拉新
欧洲交易所拉新获客,crypto-promotion,/topics/crypto-promotion/,public_secondary,虚拟币、币圈、交易所拉新
欧洲加密货币引流,crypto-promotion,/topics/crypto-promotion/,public_secondary,虚拟币、币圈、交易所拉新
欧洲加密货币推广,crypto-promotion,/topics/crypto-promotion/,public_secondary,虚拟币、币圈、交易所拉新
欧洲币圈引流,crypto-promotion,/topics/crypto-promotion/,public_secondary,虚拟币、币圈、交易所拉新
欧洲币圈引流投放,crypto-promotion,/topics/crypto-promotion/,public_secondary,虚拟币、币圈、交易所拉新
欧洲币圈引流推广,crypto-promotion,/topics/crypto-promotion/,public_secondary,虚拟币、币圈、交易所拉新
欧洲币圈引流获客,crypto-promotion,/topics/crypto-promotion/,public_secondary,虚拟币、币圈、交易所拉新
欧洲虚拟币引流,crypto-promotion,/topics/crypto-promotion/,public_secondary,虚拟币、币圈、交易所拉新
欧洲虚拟币推广引流,crypto-promotion,/topics/crypto-promotion/,public_secondary,虚拟币、币圈、交易所拉新
欧洲虚拟币推广投放,crypto-promotion,/topics/crypto-promotion/,public_secondary,虚拟币、币圈、交易所拉新
欧洲虚拟币推广获客,crypto-promotion,/topics/crypto-promotion/,public_secondary,虚拟币、币圈、交易所拉新
泰国交易所拉新引流,crypto-promotion,/topics/crypto-promotion/,public_secondary,虚拟币、币圈、交易所拉新
泰国交易所拉新投放,crypto-promotion,/topics/crypto-promotion/,public_secondary,虚拟币、币圈、交易所拉新
泰国交易所拉新推广,crypto-promotion,/topics/crypto-promotion/,public_secondary,虚拟币、币圈、交易所拉新
泰国交易所拉新获客,crypto-promotion,/topics/crypto-promotion/,public_secondary,虚拟币、币圈、交易所拉新
泰国加密货币引流,crypto-promotion,/topics/crypto-promotion/,public_secondary,虚拟币、币圈、交易所拉新
泰国加密货币推广,crypto-promotion,/topics/crypto-promotion/,public_secondary,虚拟币、币圈、交易所拉新
泰国币圈引流,crypto-promotion,/topics/crypto-promotion/,public_secondary,虚拟币、币圈、交易所拉新
泰国币圈引流投放,crypto-promotion,/topics/crypto-promotion/,public_secondary,虚拟币、币圈、交易所拉新
泰国币圈引流推广,crypto-promotion,/topics/crypto-promotion/,public_secondary,虚拟币、币圈、交易所拉新
泰国币圈引流获客,crypto-promotion,/topics/crypto-promotion/,public_secondary,虚拟币、币圈、交易所拉新
泰国虚拟币引流,crypto-promotion,/topics/crypto-promotion/,public_secondary,虚拟币、币圈、交易所拉新
泰国虚拟币推广引流,crypto-promotion,/topics/crypto-promotion/,public_secondary,虚拟币、币圈、交易所拉新
泰国虚拟币推广投放,crypto-promotion,/topics/crypto-promotion/,public_secondary,虚拟币、币圈、交易所拉新
泰国虚拟币推广获客,crypto-promotion,/topics/crypto-promotion/,public_secondary,虚拟币、币圈、交易所拉新
澳大利亚交易所拉新引流,crypto-promotion,/topics/crypto-promotion/,public_secondary,虚拟币、币圈、交易所拉新
澳大利亚交易所拉新投放,crypto-promotion,/topics/crypto-promotion/,public_secondary,虚拟币、币圈、交易所拉新
澳大利亚交易所拉新推广,crypto-promotion,/topics/crypto-promotion/,public_secondary,虚拟币、币圈、交易所拉新
澳大利亚交易所拉新获客,crypto-promotion,/topics/crypto-promotion/,public_secondary,虚拟币、币圈、交易所拉新
澳大利亚加密货币引流,crypto-promotion,/topics/crypto-promotion/,public_secondary,虚拟币、币圈、交易所拉新
澳大利亚加密货币推广,crypto-promotion,/topics/crypto-promotion/,public_secondary,虚拟币、币圈、交易所拉新
澳大利亚币圈引流,crypto-promotion,/topics/crypto-promotion/,public_secondary,虚拟币、币圈、交易所拉新
澳大利亚币圈引流投放,crypto-promotion,/topics/crypto-promotion/,public_secondary,虚拟币、币圈、交易所拉新
澳大利亚币圈引流推广,crypto-promotion,/topics/crypto-promotion/,public_secondary,虚拟币、币圈、交易所拉新
澳大利亚币圈引流获客,crypto-promotion,/topics/crypto-promotion/,public_secondary,虚拟币、币圈、交易所拉新
澳大利亚虚拟币引流,crypto-promotion,/topics/crypto-promotion/,public_secondary,虚拟币、币圈、交易所拉新
澳大利亚虚拟币推广引流,crypto-promotion,/topics/crypto-promotion/,public_secondary,虚拟币、币圈、交易所拉新
澳大利亚虚拟币推广投放,crypto-promotion,/topics/crypto-promotion/,public_secondary,虚拟币、币圈、交易所拉新
澳大利亚虚拟币推广获客,crypto-promotion,/topics/crypto-promotion/,public_secondary,虚拟币、币圈、交易所拉新
美国交易所拉新引流,crypto-promotion,/topics/crypto-promotion/,public_secondary,虚拟币、币圈、交易所拉新
美国交易所拉新投放,crypto-promotion,/topics/crypto-promotion/,public_secondary,虚拟币、币圈、交易所拉新
美国交易所拉新推广,crypto-promotion,/topics/crypto-promotion/,public_secondary,虚拟币、币圈、交易所拉新
美国交易所拉新获客,crypto-promotion,/topics/crypto-promotion/,public_secondary,虚拟币、币圈、交易所拉新
美国加密货币引流,crypto-promotion,/topics/crypto-promotion/,public_secondary,虚拟币、币圈、交易所拉新
美国加密货币推广,crypto-promotion,/topics/crypto-promotion/,public_secondary,虚拟币、币圈、交易所拉新
美国币圈引流,crypto-promotion,/topics/crypto-promotion/,public_secondary,虚拟币、币圈、交易所拉新
美国币圈引流投放,crypto-promotion,/topics/crypto-promotion/,public_secondary,虚拟币、币圈、交易所拉新
美国币圈引流推广,crypto-promotion,/topics/crypto-promotion/,public_secondary,虚拟币、币圈、交易所拉新
美国币圈引流获客,crypto-promotion,/topics/crypto-promotion/,public_secondary,虚拟币、币圈、交易所拉新
美国虚拟币引流,crypto-promotion,/topics/crypto-promotion/,public_secondary,虚拟币、币圈、交易所拉新
美国虚拟币推广引流,crypto-promotion,/topics/crypto-promotion/,public_secondary,虚拟币、币圈、交易所拉新
美国虚拟币推广投放,crypto-promotion,/topics/crypto-promotion/,public_secondary,虚拟币、币圈、交易所拉新
美国虚拟币推广获客,crypto-promotion,/topics/crypto-promotion/,public_secondary,虚拟币、币圈、交易所拉新
英国交易所拉新引流,crypto-promotion,/topics/crypto-promotion/,public_secondary,虚拟币、币圈、交易所拉新
英国交易所拉新投放,crypto-promotion,/topics/crypto-promotion/,public_secondary,虚拟币、币圈、交易所拉新
英国交易所拉新推广,crypto-promotion,/topics/crypto-promotion/,public_secondary,虚拟币、币圈、交易所拉新
英国交易所拉新获客,crypto-promotion,/topics/crypto-promotion/,public_secondary,虚拟币、币圈、交易所拉新
英国加密货币引流,crypto-promotion,/topics/crypto-promotion/,public_secondary,虚拟币、币圈、交易所拉新
英国加密货币推广,crypto-promotion,/topics/crypto-promotion/,public_secondary,虚拟币、币圈、交易所拉新
英国币圈引流,crypto-promotion,/topics/crypto-promotion/,public_secondary,虚拟币、币圈、交易所拉新
英国币圈引流投放,crypto-promotion,/topics/crypto-promotion/,public_secondary,虚拟币、币圈、交易所拉新
英国币圈引流推广,crypto-promotion,/topics/crypto-promotion/,public_secondary,虚拟币、币圈、交易所拉新
英国币圈引流获客,crypto-promotion,/topics/crypto-promotion/,public_secondary,虚拟币、币圈、交易所拉新
英国虚拟币引流,crypto-promotion,/topics/crypto-promotion/,public_secondary,虚拟币、币圈、交易所拉新
英国虚拟币推广引流,crypto-promotion,/topics/crypto-promotion/,public_secondary,虚拟币、币圈、交易所拉新
英国虚拟币推广投放,crypto-promotion,/topics/crypto-promotion/,public_secondary,虚拟币、币圈、交易所拉新
英国虚拟币推广获客,crypto-promotion,/topics/crypto-promotion/,public_secondary,虚拟币、币圈、交易所拉新
虚拟币引流,crypto-promotion,/topics/crypto-promotion/,public_secondary,虚拟币、币圈、交易所拉新
虚拟币拉新,crypto-promotion,/topics/crypto-promotion/,public_secondary,虚拟币、币圈、交易所拉新
虚拟币推广买量,crypto-promotion,/topics/crypto-promotion/,public_secondary,虚拟币、币圈、交易所拉新
虚拟币推广代投,crypto-promotion,/topics/crypto-promotion/,public_secondary,虚拟币、币圈、交易所拉新
虚拟币推广信息流投放,crypto-promotion,/topics/crypto-promotion/,public_secondary,虚拟币、币圈、交易所拉新
虚拟币推广广告代投,crypto-promotion,/topics/crypto-promotion/,public_secondary,虚拟币、币圈、交易所拉新
虚拟币推广广告投放,crypto-promotion,/topics/crypto-promotion/,public_secondary,虚拟币、币圈、交易所拉新
虚拟币推广投放,crypto-promotion,/topics/crypto-promotion/,public_secondary,虚拟币、币圈、交易所拉新
虚拟币推广投流,crypto-promotion,/topics/crypto-promotion/,public_secondary,虚拟币、币圈、交易所拉新
虚拟币推广拉新,crypto-promotion,/topics/crypto-promotion/,public_secondary,虚拟币、币圈、交易所拉新
虚拟币推广搜索广告投放,crypto-promotion,/topics/crypto-promotion/,public_secondary,虚拟币、币圈、交易所拉新
虚拟币推广精准引流,crypto-promotion,/topics/crypto-promotion/,public_secondary,虚拟币、币圈、交易所拉新
虚拟币推广精准获客,crypto-promotion,/topics/crypto-promotion/,public_secondary,虚拟币、币圈、交易所拉新
虚拟币推广获客,crypto-promotion,/topics/crypto-promotion/,public_secondary,虚拟币、币圈、交易所拉新
谷歌交易所拉新买量,crypto-promotion,/topics/crypto-promotion/,public_secondary,虚拟币、币圈、交易所拉新
谷歌交易所拉新引流,crypto-promotion,/topics/crypto-promotion/,public_secondary,虚拟币、币圈、交易所拉新
谷歌交易所拉新投放,crypto-promotion,/topics/crypto-promotion/,public_secondary,虚拟币、币圈、交易所拉新
谷歌交易所拉新推广,crypto-promotion,/topics/crypto-promotion/,public_secondary,虚拟币、币圈、交易所拉新
谷歌交易所拉新获客,crypto-promotion,/topics/crypto-promotion/,public_secondary,虚拟币、币圈、交易所拉新
谷歌加密货币引流,crypto-promotion,/topics/crypto-promotion/,public_secondary,虚拟币、币圈、交易所拉新
谷歌加密货币推广,crypto-promotion,/topics/crypto-promotion/,public_secondary,虚拟币、币圈、交易所拉新
谷歌币圈引流,crypto-promotion,/topics/crypto-promotion/,public_secondary,虚拟币、币圈、交易所拉新
谷歌币圈引流买量,crypto-promotion,/topics/crypto-promotion/,public_secondary,虚拟币、币圈、交易所拉新
谷歌币圈引流投放,crypto-promotion,/topics/crypto-promotion/,public_secondary,虚拟币、币圈、交易所拉新
谷歌币圈引流推广,crypto-promotion,/topics/crypto-promotion/,public_secondary,虚拟币、币圈、交易所拉新
谷歌币圈引流获客,crypto-promotion,/topics/crypto-promotion/,public_secondary,虚拟币、币圈、交易所拉新
谷歌引流,crypto-promotion,/topics/crypto-promotion/,public_secondary,虚拟币、币圈、交易所拉新
谷歌虚拟币引流,crypto-promotion,/topics/crypto-promotion/,public_secondary,虚拟币、币圈、交易所拉新
谷歌虚拟币推广买量,crypto-promotion,/topics/crypto-promotion/,public_secondary,虚拟币、币圈、交易所拉新
谷歌虚拟币推广引流,crypto-promotion,/topics/crypto-promotion/,public_secondary,虚拟币、币圈、交易所拉新
谷歌虚拟币推广投放,crypto-promotion,/topics/crypto-promotion/,public_secondary,虚拟币、币圈、交易所拉新
谷歌虚拟币推广获客,crypto-promotion,/topics/crypto-promotion/,public_secondary,虚拟币、币圈、交易所拉新
越南交易所拉新引流,crypto-promotion,/topics/crypto-promotion/,public_secondary,虚拟币、币圈、交易所拉新
越南交易所拉新投放,crypto-promotion,/topics/crypto-promotion/,public_secondary,虚拟币、币圈、交易所拉新
越南交易所拉新推广,crypto-promotion,/topics/crypto-promotion/,public_secondary,虚拟币、币圈、交易所拉新
越南交易所拉新获客,crypto-promotion,/topics/crypto-promotion/,public_secondary,虚拟币、币圈、交易所拉新
越南加密货币引流,crypto-promotion,/topics/crypto-promotion/,public_secondary,虚拟币、币圈、交易所拉新
越南加密货币推广,crypto-promotion,/topics/crypto-promotion/,public_secondary,虚拟币、币圈、交易所拉新
越南币圈引流,crypto-promotion,/topics/crypto-promotion/,public_secondary,虚拟币、币圈、交易所拉新
越南币圈引流投放,crypto-promotion,/topics/crypto-promotion/,public_secondary,虚拟币、币圈、交易所拉新
越南币圈引流推广,crypto-promotion,/topics/crypto-promotion/,public_secondary,虚拟币、币圈、交易所拉新
越南币圈引流获客,crypto-promotion,/topics/crypto-promotion/,public_secondary,虚拟币、币圈、交易所拉新
越南虚拟币引流,crypto-promotion,/topics/crypto-promotion/,public_secondary,虚拟币、币圈、交易所拉新
越南虚拟币推广引流,crypto-promotion,/topics/crypto-promotion/,public_secondary,虚拟币、币圈、交易所拉新
越南虚拟币推广投放,crypto-promotion,/topics/crypto-promotion/,public_secondary,虚拟币、币圈、交易所拉新
越南虚拟币推广获客,crypto-promotion,/topics/crypto-promotion/,public_secondary,虚拟币、币圈、交易所拉新
韩国交易所拉新引流,crypto-promotion,/topics/crypto-promotion/,public_secondary,虚拟币、币圈、交易所拉新
韩国交易所拉新投放,crypto-promotion,/topics/crypto-promotion/,public_secondary,虚拟币、币圈、交易所拉新
韩国交易所拉新推广,crypto-promotion,/topics/crypto-promotion/,public_secondary,虚拟币、币圈、交易所拉新
韩国交易所拉新获客,crypto-promotion,/topics/crypto-promotion/,public_secondary,虚拟币、币圈、交易所拉新
韩国加密货币引流,crypto-promotion,/topics/crypto-promotion/,public_secondary,虚拟币、币圈、交易所拉新
韩国加密货币推广,crypto-promotion,/topics/crypto-promotion/,public_secondary,虚拟币、币圈、交易所拉新
韩国币圈引流,crypto-promotion,/topics/crypto-promotion/,public_secondary,虚拟币、币圈、交易所拉新
韩国币圈引流投放,crypto-promotion,/topics/crypto-promotion/,public_secondary,虚拟币、币圈、交易所拉新
韩国币圈引流推广,crypto-promotion,/topics/crypto-promotion/,public_secondary,虚拟币、币圈、交易所拉新
韩国币圈引流获客,crypto-promotion,/topics/crypto-promotion/,public_secondary,虚拟币、币圈、交易所拉新
韩国虚拟币引流,crypto-promotion,/topics/crypto-promotion/,public_secondary,虚拟币、币圈、交易所拉新
韩国虚拟币推广引流,crypto-promotion,/topics/crypto-promotion/,public_secondary,虚拟币、币圈、交易所拉新
韩国虚拟币推广投放,crypto-promotion,/topics/crypto-promotion/,public_secondary,虚拟币、币圈、交易所拉新
韩国虚拟币推广获客,crypto-promotion,/topics/crypto-promotion/,public_secondary,虚拟币、币圈、交易所拉新
马来西亚交易所拉新引流,crypto-promotion,/topics/crypto-promotion/,public_secondary,虚拟币、币圈、交易所拉新
马来西亚交易所拉新投放,crypto-promotion,/topics/crypto-promotion/,public_secondary,虚拟币、币圈、交易所拉新
马来西亚交易所拉新推广,crypto-promotion,/topics/crypto-promotion/,public_secondary,虚拟币、币圈、交易所拉新
马来西亚交易所拉新获客,crypto-promotion,/topics/crypto-promotion/,public_secondary,虚拟币、币圈、交易所拉新
马来西亚加密货币引流,crypto-promotion,/topics/crypto-promotion/,public_secondary,虚拟币、币圈、交易所拉新
马来西亚加密货币推广,crypto-promotion,/topics/crypto-promotion/,public_secondary,虚拟币、币圈、交易所拉新
马来西亚币圈引流,crypto-promotion,/topics/crypto-promotion/,public_secondary,虚拟币、币圈、交易所拉新
马来西亚币圈引流投放,crypto-promotion,/topics/crypto-promotion/,public_secondary,虚拟币、币圈、交易所拉新
马来西亚币圈引流推广,crypto-promotion,/topics/crypto-promotion/,public_secondary,虚拟币、币圈、交易所拉新
马来西亚币圈引流获客,crypto-promotion,/topics/crypto-promotion/,public_secondary,虚拟币、币圈、交易所拉新
马来西亚虚拟币引流,crypto-promotion,/topics/crypto-promotion/,public_secondary,虚拟币、币圈、交易所拉新
马来西亚虚拟币推广引流,crypto-promotion,/topics/crypto-promotion/,public_secondary,虚拟币、币圈、交易所拉新
马来西亚虚拟币推广投放,crypto-promotion,/topics/crypto-promotion/,public_secondary,虚拟币、币圈、交易所拉新
马来西亚虚拟币推广获客,crypto-promotion,/topics/crypto-promotion/,public_secondary,虚拟币、币圈、交易所拉新
交友私聊价格,dating-traffic,/topics/dating-traffic/,future_blog,long_tail_question
交友私聊哪家好,dating-traffic,/topics/dating-traffic/,future_blog,long_tail_question
交友私聊多少钱,dating-traffic,/topics/dating-traffic/,future_blog,long_tail_question
交友私聊平台,dating-traffic,/topics/dating-traffic/,future_blog,long_tail_question
交友私聊怎么做,dating-traffic,/topics/dating-traffic/,future_blog,long_tail_question
交友私聊怎么找,dating-traffic,/topics/dating-traffic/,future_blog,long_tail_question
交友私聊怎么投,dating-traffic,/topics/dating-traffic/,future_blog,long_tail_question
交友私聊怎么收费,dating-traffic,/topics/dating-traffic/,future_blog,long_tail_question
交友私聊报价,dating-traffic,/topics/dating-traffic/,future_blog,long_tail_question
交友私聊渠道,dating-traffic,/topics/dating-traffic/,future_blog,long_tail_question
交友私聊费用,dating-traffic,/topics/dating-traffic/,future_blog,long_tail_question
交友私聊靠谱吗,dating-traffic,/topics/dating-traffic/,future_blog,long_tail_question
交友聊天价格,dating-traffic,/topics/dating-traffic/,future_blog,long_tail_question
交友聊天哪家好,dating-traffic,/topics/dating-traffic/,future_blog,long_tail_question
交友聊天多少钱,dating-traffic,/topics/dating-traffic/,future_blog,long_tail_question
交友聊天平台,dating-traffic,/topics/dating-traffic/,future_blog,long_tail_question
交友聊天怎么做,dating-traffic,/topics/dating-traffic/,future_blog,long_tail_question
交友聊天怎么找,dating-traffic,/topics/dating-traffic/,future_blog,long_tail_question
交友聊天怎么投,dating-traffic,/topics/dating-traffic/,future_blog,long_tail_question
交友聊天怎么收费,dating-traffic,/topics/dating-traffic/,future_blog,long_tail_question
交友聊天报价,dating-traffic,/topics/dating-traffic/,future_blog,long_tail_question
交友聊天渠道,dating-traffic,/topics/dating-traffic/,future_blog,long_tail_question
交友聊天费用,dating-traffic,/topics/dating-traffic/,future_blog,long_tail_question
交友聊天靠谱吗,dating-traffic,/topics/dating-traffic/,future_blog,long_tail_question
真人交友价格,dating-traffic,/topics/dating-traffic/,future_blog,long_tail_question
真人交友哪家好,dating-traffic,/topics/dating-traffic/,future_blog,long_tail_question
真人交友多少钱,dating-traffic,/topics/dating-traffic/,future_blog,long_tail_question
真人交友平台,dating-traffic,/topics/dating-traffic/,future_blog,long_tail_question
真人交友怎么做,dating-traffic,/topics/dating-traffic/,future_blog,long_tail_question
真人交友怎么找,dating-traffic,/topics/dating-traffic/,future_blog,long_tail_question
真人交友怎么投,dating-traffic,/topics/dating-traffic/,future_blog,long_tail_question
真人交友怎么收费,dating-traffic,/topics/dating-traffic/,future_blog,long_tail_question
真人交友报价,dating-traffic,/topics/dating-traffic/,future_blog,long_tail_question
真人交友渠道,dating-traffic,/topics/dating-traffic/,future_blog,long_tail_question
真人交友费用,dating-traffic,/topics/dating-traffic/,future_blog,long_tail_question
真人交友靠谱吗,dating-traffic,/topics/dating-traffic/,future_blog,long_tail_question
FBSlot获客,dating-traffic,/topics/dating-traffic/,internal_only,交友项目获客和注册拉新
FB交友私聊买量,dating-traffic,/topics/dating-traffic/,internal_only,交友项目获客和注册拉新
FB交友私聊引流,dating-traffic,/topics/dating-traffic/,internal_only,交友项目获客和注册拉新
FB交友私聊投放,dating-traffic,/topics/dating-traffic/,internal_only,交友项目获客和注册拉新
FB交友私聊推广,dating-traffic,/topics/dating-traffic/,internal_only,交友项目获客和注册拉新
FB交友私聊获客,dating-traffic,/topics/dating-traffic/,internal_only,交友项目获客和注册拉新
FB交友粉获客,dating-traffic,/topics/dating-traffic/,internal_only,交友项目获客和注册拉新
FB交友聊天买量,dating-traffic,/topics/dating-traffic/,internal_only,交友项目获客和注册拉新
FB交友聊天引流,dating-traffic,/topics/dating-traffic/,internal_only,交友项目获客和注册拉新
FB交友聊天投放,dating-traffic,/topics/dating-traffic/,internal_only,交友项目获客和注册拉新
FB交友聊天推广,dating-traffic,/topics/dating-traffic/,internal_only,交友项目获客和注册拉新
FB交友聊天获客,dating-traffic,/topics/dating-traffic/,internal_only,交友项目获客和注册拉新
FB债务获客,dating-traffic,/topics/dating-traffic/,internal_only,交友项目获客和注册拉新
FB充值色粉获客,dating-traffic,/topics/dating-traffic/,internal_only,交友项目获客和注册拉新
FB成人兴趣粉获客,dating-traffic,/topics/dating-traffic/,internal_only,交友项目获客和注册拉新
FB成人粉获客,dating-traffic,/topics/dating-traffic/,internal_only,交友项目获客和注册拉新
FB精准色粉获客,dating-traffic,/topics/dating-traffic/,internal_only,交友项目获客和注册拉新
FB索赔获客,dating-traffic,/topics/dating-traffic/,internal_only,交友项目获客和注册拉新
FB维权获客,dating-traffic,/topics/dating-traffic/,internal_only,交友项目获客和注册拉新
FB色粉获客,dating-traffic,/topics/dating-traffic/,internal_only,交友项目获客和注册拉新
TKSlot获客,dating-traffic,/topics/dating-traffic/,internal_only,交友项目获客和注册拉新
TK交友私聊买量,dating-traffic,/topics/dating-traffic/,internal_only,交友项目获客和注册拉新
TK交友私聊引流,dating-traffic,/topics/dating-traffic/,internal_only,交友项目获客和注册拉新
TK交友私聊投放,dating-traffic,/topics/dating-traffic/,internal_only,交友项目获客和注册拉新
TK交友私聊推广,dating-traffic,/topics/dating-traffic/,internal_only,交友项目获客和注册拉新
TK交友私聊获客,dating-traffic,/topics/dating-traffic/,internal_only,交友项目获客和注册拉新
TK交友粉获客,dating-traffic,/topics/dating-traffic/,internal_only,交友项目获客和注册拉新
TK交友聊天买量,dating-traffic,/topics/dating-traffic/,internal_only,交友项目获客和注册拉新
TK交友聊天引流,dating-traffic,/topics/dating-traffic/,internal_only,交友项目获客和注册拉新
TK交友聊天投放,dating-traffic,/topics/dating-traffic/,internal_only,交友项目获客和注册拉新
TK交友聊天推广,dating-traffic,/topics/dating-traffic/,internal_only,交友项目获客和注册拉新
TK交友聊天获客,dating-traffic,/topics/dating-traffic/,internal_only,交友项目获客和注册拉新
TK债务获客,dating-traffic,/topics/dating-traffic/,internal_only,交友项目获客和注册拉新
TK充值色粉获客,dating-traffic,/topics/dating-traffic/,internal_only,交友项目获客和注册拉新
TK成人兴趣粉获客,dating-traffic,/topics/dating-traffic/,internal_only,交友项目获客和注册拉新
TK成人粉获客,dating-traffic,/topics/dating-traffic/,internal_only,交友项目获客和注册拉新
TK精准色粉获客,dating-traffic,/topics/dating-traffic/,internal_only,交友项目获客和注册拉新
TK索赔获客,dating-traffic,/topics/dating-traffic/,internal_only,交友项目获客和注册拉新
TK维权获客,dating-traffic,/topics/dating-traffic/,internal_only,交友项目获客和注册拉新
TK色粉获客,dating-traffic,/topics/dating-traffic/,internal_only,交友项目获客和注册拉新
中东交友私聊引流,dating-traffic,/topics/dating-traffic/,internal_only,交友项目获客和注册拉新
中东交友私聊投放,dating-traffic,/topics/dating-traffic/,internal_only,交友项目获客和注册拉新
中东交友私聊推广,dating-traffic,/topics/dating-traffic/,internal_only,交友项目获客和注册拉新
中东交友私聊获客,dating-traffic,/topics/dating-traffic/,internal_only,交友项目获客和注册拉新
中东交友聊天引流,dating-traffic,/topics/dating-traffic/,internal_only,交友项目获客和注册拉新
中东交友聊天投放,dating-traffic,/topics/dating-traffic/,internal_only,交友项目获客和注册拉新
中东交友聊天推广,dating-traffic,/topics/dating-traffic/,internal_only,交友项目获客和注册拉新
中东交友聊天获客,dating-traffic,/topics/dating-traffic/,internal_only,交友项目获客和注册拉新
交友私聊买量,dating-traffic,/topics/dating-traffic/,internal_only,交友项目获客和注册拉新
交友私聊代投,dating-traffic,/topics/dating-traffic/,internal_only,交友项目获客和注册拉新
交友私聊代运营,dating-traffic,/topics/dating-traffic/,internal_only,交友项目获客和注册拉新
交友私聊信息流投放,dating-traffic,/topics/dating-traffic/,internal_only,交友项目获客和注册拉新
交友私聊广告代投,dating-traffic,/topics/dating-traffic/,internal_only,交友项目获客和注册拉新
交友私聊广告投放,dating-traffic,/topics/dating-traffic/,internal_only,交友项目获客和注册拉新
交友私聊引流,dating-traffic,/topics/dating-traffic/,internal_only,交友项目获客和注册拉新
交友私聊投放,dating-traffic,/topics/dating-traffic/,internal_only,交友项目获客和注册拉新
交友私聊投流,dating-traffic,/topics/dating-traffic/,internal_only,交友项目获客和注册拉新
交友私聊拉新,dating-traffic,/topics/dating-traffic/,internal_only,交友项目获客和注册拉新
交友私聊推广,dating-traffic,/topics/dating-traffic/,internal_only,交友项目获客和注册拉新
交友私聊推广代运营,dating-traffic,/topics/dating-traffic/,internal_only,交友项目获客和注册拉新
交友私聊推广引流,dating-traffic,/topics/dating-traffic/,internal_only,交友项目获客和注册拉新
交友私聊搜索广告投放,dating-traffic,/topics/dating-traffic/,internal_only,交友项目获客和注册拉新
交友私聊精准引流,dating-traffic,/topics/dating-traffic/,internal_only,交友项目获客和注册拉新
交友私聊精准获客,dating-traffic,/topics/dating-traffic/,internal_only,交友项目获客和注册拉新
交友私聊获客,dating-traffic,/topics/dating-traffic/,internal_only,交友项目获客和注册拉新
交友聊天买量,dating-traffic,/topics/dating-traffic/,internal_only,交友项目获客和注册拉新
交友聊天代投,dating-traffic,/topics/dating-traffic/,internal_only,交友项目获客和注册拉新
交友聊天代运营,dating-traffic,/topics/dating-traffic/,internal_only,交友项目获客和注册拉新
交友聊天信息流投放,dating-traffic,/topics/dating-traffic/,internal_only,交友项目获客和注册拉新
交友聊天广告代投,dating-traffic,/topics/dating-traffic/,internal_only,交友项目获客和注册拉新
交友聊天广告投放,dating-traffic,/topics/dating-traffic/,internal_only,交友项目获客和注册拉新
交友聊天引流,dating-traffic,/topics/dating-traffic/,internal_only,交友项目获客和注册拉新
交友聊天投放,dating-traffic,/topics/dating-traffic/,internal_only,交友项目获客和注册拉新
交友聊天投流,dating-traffic,/topics/dating-traffic/,internal_only,交友项目获客和注册拉新
交友聊天拉新,dating-traffic,/topics/dating-traffic/,internal_only,交友项目获客和注册拉新
交友聊天推广,dating-traffic,/topics/dating-traffic/,internal_only,交友项目获客和注册拉新
交友聊天推广代运营,dating-traffic,/topics/dating-traffic/,internal_only,交友项目获客和注册拉新
交友聊天推广引流,dating-traffic,/topics/dating-traffic/,internal_only,交友项目获客和注册拉新
交友聊天搜索广告投放,dating-traffic,/topics/dating-traffic/,internal_only,交友项目获客和注册拉新
交友聊天精准引流,dating-traffic,/topics/dating-traffic/,internal_only,交友项目获客和注册拉新
交友聊天精准获客,dating-traffic,/topics/dating-traffic/,internal_only,交友项目获客和注册拉新
交友聊天获客,dating-traffic,/topics/dating-traffic/,internal_only,交友项目获客和注册拉新
俄罗斯交友私聊引流,dating-traffic,/topics/dating-traffic/,internal_only,交友项目获客和注册拉新
俄罗斯交友私聊投放,dating-traffic,/topics/dating-traffic/,internal_only,交友项目获客和注册拉新
俄罗斯交友私聊推广,dating-traffic,/topics/dating-traffic/,internal_only,交友项目获客和注册拉新
俄罗斯交友私聊获客,dating-traffic,/topics/dating-traffic/,internal_only,交友项目获客和注册拉新
俄罗斯交友聊天引流,dating-traffic,/topics/dating-traffic/,internal_only,交友项目获客和注册拉新
俄罗斯交友聊天投放,dating-traffic,/topics/dating-traffic/,internal_only,交友项目获客和注册拉新
俄罗斯交友聊天推广,dating-traffic,/topics/dating-traffic/,internal_only,交友项目获客和注册拉新
俄罗斯交友聊天获客,dating-traffic,/topics/dating-traffic/,internal_only,交友项目获客和注册拉新
加拿大交友私聊引流,dating-traffic,/topics/dating-traffic/,internal_only,交友项目获客和注册拉新
加拿大交友私聊投放,dating-traffic,/topics/dating-traffic/,internal_only,交友项目获客和注册拉新
加拿大交友私聊推广,dating-traffic,/topics/dating-traffic/,internal_only,交友项目获客和注册拉新
加拿大交友私聊获客,dating-traffic,/topics/dating-traffic/,internal_only,交友项目获客和注册拉新
加拿大交友聊天引流,dating-traffic,/topics/dating-traffic/,internal_only,交友项目获客和注册拉新
加拿大交友聊天投放,dating-traffic,/topics/dating-traffic/,internal_only,交友项目获客和注册拉新
加拿大交友聊天推广,dating-traffic,/topics/dating-traffic/,internal_only,交友项目获客和注册拉新
加拿大交友聊天获客,dating-traffic,/topics/dating-traffic/,internal_only,交友项目获客和注册拉新
印度交友私聊引流,dating-traffic,/topics/dating-traffic/,internal_only,交友项目获客和注册拉新
印度交友私聊投放,dating-traffic,/topics/dating-traffic/,internal_only,交友项目获客和注册拉新
印度交友私聊推广,dating-traffic,/topics/dating-traffic/,internal_only,交友项目获客和注册拉新
印度交友私聊获客,dating-traffic,/topics/dating-traffic/,internal_only,交友项目获客和注册拉新
印度交友聊天引流,dating-traffic,/topics/dating-traffic/,internal_only,交友项目获客和注册拉新
印度交友聊天投放,dating-traffic,/topics/dating-traffic/,internal_only,交友项目获客和注册拉新
印度交友聊天推广,dating-traffic,/topics/dating-traffic/,internal_only,交友项目获客和注册拉新
印度交友聊天获客,dating-traffic,/topics/dating-traffic/,internal_only,交友项目获客和注册拉新
台湾交友私聊引流,dating-traffic,/topics/dating-traffic/,internal_only,交友项目获客和注册拉新
台湾交友私聊投放,dating-traffic,/topics/dating-traffic/,internal_only,交友项目获客和注册拉新
台湾交友私聊推广,dating-traffic,/topics/dating-traffic/,internal_only,交友项目获客和注册拉新
台湾交友私聊获客,dating-traffic,/topics/dating-traffic/,internal_only,交友项目获客和注册拉新
台湾交友聊天引流,dating-traffic,/topics/dating-traffic/,internal_only,交友项目获客和注册拉新
台湾交友聊天投放,dating-traffic,/topics/dating-traffic/,internal_only,交友项目获客和注册拉新
台湾交友聊天推广,dating-traffic,/topics/dating-traffic/,internal_only,交友项目获客和注册拉新
台湾交友聊天获客,dating-traffic,/topics/dating-traffic/,internal_only,交友项目获客和注册拉新
巴西交友私聊引流,dating-traffic,/topics/dating-traffic/,internal_only,交友项目获客和注册拉新
巴西交友私聊投放,dating-traffic,/topics/dating-traffic/,internal_only,交友项目获客和注册拉新
巴西交友私聊推广,dating-traffic,/topics/dating-traffic/,internal_only,交友项目获客和注册拉新
巴西交友私聊获客,dating-traffic,/topics/dating-traffic/,internal_only,交友项目获客和注册拉新
巴西交友聊天引流,dating-traffic,/topics/dating-traffic/,internal_only,交友项目获客和注册拉新
巴西交友聊天投放,dating-traffic,/topics/dating-traffic/,internal_only,交友项目获客和注册拉新
巴西交友聊天推广,dating-traffic,/topics/dating-traffic/,internal_only,交友项目获客和注册拉新
巴西交友聊天获客,dating-traffic,/topics/dating-traffic/,internal_only,交友项目获客和注册拉新
新加坡交友私聊引流,dating-traffic,/topics/dating-traffic/,internal_only,交友项目获客和注册拉新
新加坡交友私聊投放,dating-traffic,/topics/dating-traffic/,internal_only,交友项目获客和注册拉新
新加坡交友私聊推广,dating-traffic,/topics/dating-traffic/,internal_only,交友项目获客和注册拉新
新加坡交友私聊获客,dating-traffic,/topics/dating-traffic/,internal_only,交友项目获客和注册拉新
新加坡交友聊天引流,dating-traffic,/topics/dating-traffic/,internal_only,交友项目获客和注册拉新
新加坡交友聊天投放,dating-traffic,/topics/dating-traffic/,internal_only,交友项目获客和注册拉新
新加坡交友聊天推广,dating-traffic,/topics/dating-traffic/,internal_only,交友项目获客和注册拉新
新加坡交友聊天获客,dating-traffic,/topics/dating-traffic/,internal_only,交友项目获客和注册拉新
日本交友私聊引流,dating-traffic,/topics/dating-traffic/,internal_only,交友项目获客和注册拉新
日本交友私聊投放,dating-traffic,/topics/dating-traffic/,internal_only,交友项目获客和注册拉新
日本交友私聊推广,dating-traffic,/topics/dating-traffic/,internal_only,交友项目获客和注册拉新
日本交友私聊获客,dating-traffic,/topics/dating-traffic/,internal_only,交友项目获客和注册拉新
日本交友聊天引流,dating-traffic,/topics/dating-traffic/,internal_only,交友项目获客和注册拉新
日本交友聊天投放,dating-traffic,/topics/dating-traffic/,internal_only,交友项目获客和注册拉新
日本交友聊天推广,dating-traffic,/topics/dating-traffic/,internal_only,交友项目获客和注册拉新
日本交友聊天获客,dating-traffic,/topics/dating-traffic/,internal_only,交友项目获客和注册拉新
欧洲交友私聊引流,dating-traffic,/topics/dating-traffic/,internal_only,交友项目获客和注册拉新
欧洲交友私聊投放,dating-traffic,/topics/dating-traffic/,internal_only,交友项目获客和注册拉新
欧洲交友私聊推广,dating-traffic,/topics/dating-traffic/,internal_only,交友项目获客和注册拉新
欧洲交友私聊获客,dating-traffic,/topics/dating-traffic/,internal_only,交友项目获客和注册拉新
欧洲交友聊天引流,dating-traffic,/topics/dating-traffic/,internal_only,交友项目获客和注册拉新
欧洲交友聊天投放,dating-traffic,/topics/dating-traffic/,internal_only,交友项目获客和注册拉新
欧洲交友聊天推广,dating-traffic,/topics/dating-traffic/,internal_only,交友项目获客和注册拉新
欧洲交友聊天获客,dating-traffic,/topics/dating-traffic/,internal_only,交友项目获客和注册拉新
泰国交友私聊引流,dating-traffic,/topics/dating-traffic/,internal_only,交友项目获客和注册拉新
泰国交友私聊投放,dating-traffic,/topics/dating-traffic/,internal_only,交友项目获客和注册拉新
泰国交友私聊推广,dating-traffic,/topics/dating-traffic/,internal_only,交友项目获客和注册拉新
泰国交友私聊获客,dating-traffic,/topics/dating-traffic/,internal_only,交友项目获客和注册拉新
泰国交友聊天引流,dating-traffic,/topics/dating-traffic/,internal_only,交友项目获客和注册拉新
泰国交友聊天投放,dating-traffic,/topics/dating-traffic/,internal_only,交友项目获客和注册拉新
泰国交友聊天推广,dating-traffic,/topics/dating-traffic/,internal_only,交友项目获客和注册拉新
泰国交友聊天获客,dating-traffic,/topics/dating-traffic/,internal_only,交友项目获客和注册拉新
澳大利亚交友私聊引流,dating-traffic,/topics/dating-traffic/,internal_only,交友项目获客和注册拉新
澳大利亚交友私聊投放,dating-traffic,/topics/dating-traffic/,internal_only,交友项目获客和注册拉新
澳大利亚交友私聊推广,dating-traffic,/topics/dating-traffic/,internal_only,交友项目获客和注册拉新
澳大利亚交友私聊获客,dating-traffic,/topics/dating-traffic/,internal_only,交友项目获客和注册拉新
澳大利亚交友聊天引流,dating-traffic,/topics/dating-traffic/,internal_only,交友项目获客和注册拉新
澳大利亚交友聊天投放,dating-traffic,/topics/dating-traffic/,internal_only,交友项目获客和注册拉新
澳大利亚交友聊天推广,dating-traffic,/topics/dating-traffic/,internal_only,交友项目获客和注册拉新
澳大利亚交友聊天获客,dating-traffic,/topics/dating-traffic/,internal_only,交友项目获客和注册拉新
美国交友私聊引流,dating-traffic,/topics/dating-traffic/,internal_only,交友项目获客和注册拉新
美国交友私聊投放,dating-traffic,/topics/dating-traffic/,internal_only,交友项目获客和注册拉新
美国交友私聊推广,dating-traffic,/topics/dating-traffic/,internal_only,交友项目获客和注册拉新
美国交友私聊获客,dating-traffic,/topics/dating-traffic/,internal_only,交友项目获客和注册拉新
美国交友聊天引流,dating-traffic,/topics/dating-traffic/,internal_only,交友项目获客和注册拉新
美国交友聊天投放,dating-traffic,/topics/dating-traffic/,internal_only,交友项目获客和注册拉新
美国交友聊天推广,dating-traffic,/topics/dating-traffic/,internal_only,交友项目获客和注册拉新
美国交友聊天获客,dating-traffic,/topics/dating-traffic/,internal_only,交友项目获客和注册拉新
英国交友私聊引流,dating-traffic,/topics/dating-traffic/,internal_only,交友项目获客和注册拉新
英国交友私聊投放,dating-traffic,/topics/dating-traffic/,internal_only,交友项目获客和注册拉新
英国交友私聊推广,dating-traffic,/topics/dating-traffic/,internal_only,交友项目获客和注册拉新
英国交友私聊获客,dating-traffic,/topics/dating-traffic/,internal_only,交友项目获客和注册拉新
英国交友聊天引流,dating-traffic,/topics/dating-traffic/,internal_only,交友项目获客和注册拉新
英国交友聊天投放,dating-traffic,/topics/dating-traffic/,internal_only,交友项目获客和注册拉新
英国交友聊天推广,dating-traffic,/topics/dating-traffic/,internal_only,交友项目获客和注册拉新
英国交友聊天获客,dating-traffic,/topics/dating-traffic/,internal_only,交友项目获客和注册拉新
谷歌交友私聊引流,dating-traffic,/topics/dating-traffic/,internal_only,交友项目获客和注册拉新
谷歌交友私聊推广,dating-traffic,/topics/dating-traffic/,internal_only,交友项目获客和注册拉新
谷歌交友私聊获客,dating-traffic,/topics/dating-traffic/,internal_only,交友项目获客和注册拉新
谷歌交友聊天引流,dating-traffic,/topics/dating-traffic/,internal_only,交友项目获客和注册拉新
谷歌交友聊天推广,dating-traffic,/topics/dating-traffic/,internal_only,交友项目获客和注册拉新
谷歌交友聊天获客,dating-traffic,/topics/dating-traffic/,internal_only,交友项目获客和注册拉新
越南交友私聊引流,dating-traffic,/topics/dating-traffic/,internal_only,交友项目获客和注册拉新
越南交友私聊投放,dating-traffic,/topics/dating-traffic/,internal_only,交友项目获客和注册拉新
越南交友私聊推广,dating-traffic,/topics/dating-traffic/,internal_only,交友项目获客和注册拉新
越南交友私聊获客,dating-traffic,/topics/dating-traffic/,internal_only,交友项目获客和注册拉新
越南交友聊天引流,dating-traffic,/topics/dating-traffic/,internal_only,交友项目获客和注册拉新
越南交友聊天投放,dating-traffic,/topics/dating-traffic/,internal_only,交友项目获客和注册拉新
越南交友聊天推广,dating-traffic,/topics/dating-traffic/,internal_only,交友项目获客和注册拉新
越南交友聊天获客,dating-traffic,/topics/dating-traffic/,internal_only,交友项目获客和注册拉新
韩国交友私聊引流,dating-traffic,/topics/dating-traffic/,internal_only,交友项目获客和注册拉新
韩国交友私聊投放,dating-traffic,/topics/dating-traffic/,internal_only,交友项目获客和注册拉新
韩国交友私聊推广,dating-traffic,/topics/dating-traffic/,internal_only,交友项目获客和注册拉新
韩国交友私聊获客,dating-traffic,/topics/dating-traffic/,internal_only,交友项目获客和注册拉新
韩国交友聊天引流,dating-traffic,/topics/dating-traffic/,internal_only,交友项目获客和注册拉新
韩国交友聊天投放,dating-traffic,/topics/dating-traffic/,internal_only,交友项目获客和注册拉新
韩国交友聊天推广,dating-traffic,/topics/dating-traffic/,internal_only,交友项目获客和注册拉新
韩国交友聊天获客,dating-traffic,/topics/dating-traffic/,internal_only,交友项目获客和注册拉新
马来西亚交友私聊引流,dating-traffic,/topics/dating-traffic/,internal_only,交友项目获客和注册拉新
马来西亚交友私聊投放,dating-traffic,/topics/dating-traffic/,internal_only,交友项目获客和注册拉新
马来西亚交友私聊推广,dating-traffic,/topics/dating-traffic/,internal_only,交友项目获客和注册拉新
马来西亚交友私聊获客,dating-traffic,/topics/dating-traffic/,internal_only,交友项目获客和注册拉新
马来西亚交友聊天引流,dating-traffic,/topics/dating-traffic/,internal_only,交友项目获客和注册拉新
马来西亚交友聊天投放,dating-traffic,/topics/dating-traffic/,internal_only,交友项目获客和注册拉新
马来西亚交友聊天推广,dating-traffic,/topics/dating-traffic/,internal_only,交友项目获客和注册拉新
马来西亚交友聊天获客,dating-traffic,/topics/dating-traffic/,internal_only,交友项目获客和注册拉新
交友引流,dating-traffic,/topics/dating-traffic/,public_primary,交友项目获客和注册拉新
FB交友App注册买量,dating-traffic,/topics/dating-traffic/,public_secondary,交友项目获客和注册拉新
FB交友App注册引流,dating-traffic,/topics/dating-traffic/,public_secondary,交友项目获客和注册拉新
FB交友App注册投放,dating-traffic,/topics/dating-traffic/,public_secondary,交友项目获客和注册拉新
FB交友App注册推广,dating-traffic,/topics/dating-traffic/,public_secondary,交友项目获客和注册拉新
FB交友App注册获客,dating-traffic,/topics/dating-traffic/,public_secondary,交友项目获客和注册拉新
FB交友引流获客,dating-traffic,/topics/dating-traffic/,public_secondary,交友项目获客和注册拉新
FB真人交友买量,dating-traffic,/topics/dating-traffic/,public_secondary,交友项目获客和注册拉新
FB真人交友引流,dating-traffic,/topics/dating-traffic/,public_secondary,交友项目获客和注册拉新
FB真人交友投放,dating-traffic,/topics/dating-traffic/,public_secondary,交友项目获客和注册拉新
FB真人交友推广,dating-traffic,/topics/dating-traffic/,public_secondary,交友项目获客和注册拉新
FB真人交友获客,dating-traffic,/topics/dating-traffic/,public_secondary,交友项目获客和注册拉新
FB获客,dating-traffic,/topics/dating-traffic/,public_secondary,交友项目获客和注册拉新
TK交友App注册买量,dating-traffic,/topics/dating-traffic/,public_secondary,交友项目获客和注册拉新
TK交友App注册引流,dating-traffic,/topics/dating-traffic/,public_secondary,交友项目获客和注册拉新
TK交友App注册投放,dating-traffic,/topics/dating-traffic/,public_secondary,交友项目获客和注册拉新
TK交友App注册推广,dating-traffic,/topics/dating-traffic/,public_secondary,交友项目获客和注册拉新
TK交友App注册获客,dating-traffic,/topics/dating-traffic/,public_secondary,交友项目获客和注册拉新
TK交友引流获客,dating-traffic,/topics/dating-traffic/,public_secondary,交友项目获客和注册拉新
TK真人交友买量,dating-traffic,/topics/dating-traffic/,public_secondary,交友项目获客和注册拉新
TK真人交友引流,dating-traffic,/topics/dating-traffic/,public_secondary,交友项目获客和注册拉新
TK真人交友投放,dating-traffic,/topics/dating-traffic/,public_secondary,交友项目获客和注册拉新
TK真人交友推广,dating-traffic,/topics/dating-traffic/,public_secondary,交友项目获客和注册拉新
TK真人交友获客,dating-traffic,/topics/dating-traffic/,public_secondary,交友项目获客和注册拉新
TK获客,dating-traffic,/topics/dating-traffic/,public_secondary,交友项目获客和注册拉新
中东交友App注册推广,dating-traffic,/topics/dating-traffic/,public_secondary,交友项目获客和注册拉新
中东真人交友引流,dating-traffic,/topics/dating-traffic/,public_secondary,交友项目获客和注册拉新
中东真人交友投放,dating-traffic,/topics/dating-traffic/,public_secondary,交友项目获客和注册拉新
中东真人交友推广,dating-traffic,/topics/dating-traffic/,public_secondary,交友项目获客和注册拉新
中东真人交友获客,dating-traffic,/topics/dating-traffic/,public_secondary,交友项目获客和注册拉新
交友App注册,dating-traffic,/topics/dating-traffic/,public_secondary,交友项目获客和注册拉新
交友App注册推广,dating-traffic,/topics/dating-traffic/,public_secondary,交友项目获客和注册拉新
俄罗斯交友App注册推广,dating-traffic,/topics/dating-traffic/,public_secondary,交友项目获客和注册拉新
俄罗斯真人交友引流,dating-traffic,/topics/dating-traffic/,public_secondary,交友项目获客和注册拉新
俄罗斯真人交友投放,dating-traffic,/topics/dating-traffic/,public_secondary,交友项目获客和注册拉新
俄罗斯真人交友推广,dating-traffic,/topics/dating-traffic/,public_secondary,交友项目获客和注册拉新
俄罗斯真人交友获客,dating-traffic,/topics/dating-traffic/,public_secondary,交友项目获客和注册拉新
加拿大交友App注册推广,dating-traffic,/topics/dating-traffic/,public_secondary,交友项目获客和注册拉新
加拿大真人交友引流,dating-traffic,/topics/dating-traffic/,public_secondary,交友项目获客和注册拉新
加拿大真人交友投放,dating-traffic,/topics/dating-traffic/,public_secondary,交友项目获客和注册拉新
加拿大真人交友推广,dating-traffic,/topics/dating-traffic/,public_secondary,交友项目获客和注册拉新
加拿大真人交友获客,dating-traffic,/topics/dating-traffic/,public_secondary,交友项目获客和注册拉新
印度交友App注册推广,dating-traffic,/topics/dating-traffic/,public_secondary,交友项目获客和注册拉新
印度真人交友引流,dating-traffic,/topics/dating-traffic/,public_secondary,交友项目获客和注册拉新
印度真人交友投放,dating-traffic,/topics/dating-traffic/,public_secondary,交友项目获客和注册拉新
印度真人交友推广,dating-traffic,/topics/dating-traffic/,public_secondary,交友项目获客和注册拉新
印度真人交友获客,dating-traffic,/topics/dating-traffic/,public_secondary,交友项目获客和注册拉新
台湾交友App注册推广,dating-traffic,/topics/dating-traffic/,public_secondary,交友项目获客和注册拉新
台湾真人交友引流,dating-traffic,/topics/dating-traffic/,public_secondary,交友项目获客和注册拉新
台湾真人交友投放,dating-traffic,/topics/dating-traffic/,public_secondary,交友项目获客和注册拉新
台湾真人交友推广,dating-traffic,/topics/dating-traffic/,public_secondary,交友项目获客和注册拉新
台湾真人交友获客,dating-traffic,/topics/dating-traffic/,public_secondary,交友项目获客和注册拉新
巴西交友App注册推广,dating-traffic,/topics/dating-traffic/,public_secondary,交友项目获客和注册拉新
巴西真人交友引流,dating-traffic,/topics/dating-traffic/,public_secondary,交友项目获客和注册拉新
巴西真人交友投放,dating-traffic,/topics/dating-traffic/,public_secondary,交友项目获客和注册拉新
巴西真人交友推广,dating-traffic,/topics/dating-traffic/,public_secondary,交友项目获客和注册拉新
巴西真人交友获客,dating-traffic,/topics/dating-traffic/,public_secondary,交友项目获客和注册拉新
新加坡交友App注册推广,dating-traffic,/topics/dating-traffic/,public_secondary,交友项目获客和注册拉新
新加坡真人交友引流,dating-traffic,/topics/dating-traffic/,public_secondary,交友项目获客和注册拉新
新加坡真人交友投放,dating-traffic,/topics/dating-traffic/,public_secondary,交友项目获客和注册拉新
新加坡真人交友推广,dating-traffic,/topics/dating-traffic/,public_secondary,交友项目获客和注册拉新
新加坡真人交友获客,dating-traffic,/topics/dating-traffic/,public_secondary,交友项目获客和注册拉新
日本交友App注册推广,dating-traffic,/topics/dating-traffic/,public_secondary,交友项目获客和注册拉新
日本真人交友引流,dating-traffic,/topics/dating-traffic/,public_secondary,交友项目获客和注册拉新
日本真人交友投放,dating-traffic,/topics/dating-traffic/,public_secondary,交友项目获客和注册拉新
日本真人交友推广,dating-traffic,/topics/dating-traffic/,public_secondary,交友项目获客和注册拉新
日本真人交友获客,dating-traffic,/topics/dating-traffic/,public_secondary,交友项目获客和注册拉新
欧洲交友App注册推广,dating-traffic,/topics/dating-traffic/,public_secondary,交友项目获客和注册拉新
欧洲真人交友引流,dating-traffic,/topics/dating-traffic/,public_secondary,交友项目获客和注册拉新
欧洲真人交友投放,dating-traffic,/topics/dating-traffic/,public_secondary,交友项目获客和注册拉新
欧洲真人交友推广,dating-traffic,/topics/dating-traffic/,public_secondary,交友项目获客和注册拉新
欧洲真人交友获客,dating-traffic,/topics/dating-traffic/,public_secondary,交友项目获客和注册拉新
泰国交友App注册推广,dating-traffic,/topics/dating-traffic/,public_secondary,交友项目获客和注册拉新
泰国真人交友引流,dating-traffic,/topics/dating-traffic/,public_secondary,交友项目获客和注册拉新
泰国真人交友投放,dating-traffic,/topics/dating-traffic/,public_secondary,交友项目获客和注册拉新
泰国真人交友推广,dating-traffic,/topics/dating-traffic/,public_secondary,交友项目获客和注册拉新
泰国真人交友获客,dating-traffic,/topics/dating-traffic/,public_secondary,交友项目获客和注册拉新
澳大利亚交友App注册推广,dating-traffic,/topics/dating-traffic/,public_secondary,交友项目获客和注册拉新
澳大利亚真人交友引流,dating-traffic,/topics/dating-traffic/,public_secondary,交友项目获客和注册拉新
澳大利亚真人交友投放,dating-traffic,/topics/dating-traffic/,public_secondary,交友项目获客和注册拉新
澳大利亚真人交友推广,dating-traffic,/topics/dating-traffic/,public_secondary,交友项目获客和注册拉新
澳大利亚真人交友获客,dating-traffic,/topics/dating-traffic/,public_secondary,交友项目获客和注册拉新
真人交友买量,dating-traffic,/topics/dating-traffic/,public_secondary,交友项目获客和注册拉新
真人交友代投,dating-traffic,/topics/dating-traffic/,public_secondary,交友项目获客和注册拉新
真人交友代运营,dating-traffic,/topics/dating-traffic/,public_secondary,交友项目获客和注册拉新
真人交友信息流投放,dating-traffic,/topics/dating-traffic/,public_secondary,交友项目获客和注册拉新
真人交友广告代投,dating-traffic,/topics/dating-traffic/,public_secondary,交友项目获客和注册拉新
真人交友广告投放,dating-traffic,/topics/dating-traffic/,public_secondary,交友项目获客和注册拉新
真人交友引流,dating-traffic,/topics/dating-traffic/,public_secondary,交友项目获客和注册拉新
真人交友投放,dating-traffic,/topics/dating-traffic/,public_secondary,交友项目获客和注册拉新
真人交友投流,dating-traffic,/topics/dating-traffic/,public_secondary,交友项目获客和注册拉新
真人交友拉新,dating-traffic,/topics/dating-traffic/,public_secondary,交友项目获客和注册拉新
真人交友推广,dating-traffic,/topics/dating-traffic/,public_secondary,交友项目获客和注册拉新
真人交友推广代运营,dating-traffic,/topics/dating-traffic/,public_secondary,交友项目获客和注册拉新
真人交友推广引流,dating-traffic,/topics/dating-traffic/,public_secondary,交友项目获客和注册拉新
真人交友搜索广告投放,dating-traffic,/topics/dating-traffic/,public_secondary,交友项目获客和注册拉新
真人交友精准引流,dating-traffic,/topics/dating-traffic/,public_secondary,交友项目获客和注册拉新
真人交友精准获客,dating-traffic,/topics/dating-traffic/,public_secondary,交友项目获客和注册拉新
真人交友获客,dating-traffic,/topics/dating-traffic/,public_secondary,交友项目获客和注册拉新
美国交友App注册推广,dating-traffic,/topics/dating-traffic/,public_secondary,交友项目获客和注册拉新
美国真人交友引流,dating-traffic,/topics/dating-traffic/,public_secondary,交友项目获客和注册拉新
美国真人交友投放,dating-traffic,/topics/dating-traffic/,public_secondary,交友项目获客和注册拉新
美国真人交友推广,dating-traffic,/topics/dating-traffic/,public_secondary,交友项目获客和注册拉新
美国真人交友获客,dating-traffic,/topics/dating-traffic/,public_secondary,交友项目获客和注册拉新
英国交友App注册推广,dating-traffic,/topics/dating-traffic/,public_secondary,交友项目获客和注册拉新
英国真人交友引流,dating-traffic,/topics/dating-traffic/,public_secondary,交友项目获客和注册拉新
英国真人交友投放,dating-traffic,/topics/dating-traffic/,public_secondary,交友项目获客和注册拉新
英国真人交友推广,dating-traffic,/topics/dating-traffic/,public_secondary,交友项目获客和注册拉新
英国真人交友获客,dating-traffic,/topics/dating-traffic/,public_secondary,交友项目获客和注册拉新
谷歌交友App注册推广,dating-traffic,/topics/dating-traffic/,public_secondary,交友项目获客和注册拉新
谷歌真人交友引流,dating-traffic,/topics/dating-traffic/,public_secondary,交友项目获客和注册拉新
谷歌真人交友推广,dating-traffic,/topics/dating-traffic/,public_secondary,交友项目获客和注册拉新
谷歌真人交友获客,dating-traffic,/topics/dating-traffic/,public_secondary,交友项目获客和注册拉新
越南交友App注册推广,dating-traffic,/topics/dating-traffic/,public_secondary,交友项目获客和注册拉新
越南真人交友引流,dating-traffic,/topics/dating-traffic/,public_secondary,交友项目获客和注册拉新
越南真人交友投放,dating-traffic,/topics/dating-traffic/,public_secondary,交友项目获客和注册拉新
越南真人交友推广,dating-traffic,/topics/dating-traffic/,public_secondary,交友项目获客和注册拉新
越南真人交友获客,dating-traffic,/topics/dating-traffic/,public_secondary,交友项目获客和注册拉新
韩国交友App注册推广,dating-traffic,/topics/dating-traffic/,public_secondary,交友项目获客和注册拉新
韩国真人交友引流,dating-traffic,/topics/dating-traffic/,public_secondary,交友项目获客和注册拉新
韩国真人交友投放,dating-traffic,/topics/dating-traffic/,public_secondary,交友项目获客和注册拉新
韩国真人交友推广,dating-traffic,/topics/dating-traffic/,public_secondary,交友项目获客和注册拉新
韩国真人交友获客,dating-traffic,/topics/dating-traffic/,public_secondary,交友项目获客和注册拉新
马来西亚交友App注册推广,dating-traffic,/topics/dating-traffic/,public_secondary,交友项目获客和注册拉新
马来西亚真人交友引流,dating-traffic,/topics/dating-traffic/,public_secondary,交友项目获客和注册拉新
马来西亚真人交友投放,dating-traffic,/topics/dating-traffic/,public_secondary,交友项目获客和注册拉新
马来西亚真人交友推广,dating-traffic,/topics/dating-traffic/,public_secondary,交友项目获客和注册拉新
马来西亚真人交友获客,dating-traffic,/topics/dating-traffic/,public_secondary,交友项目获客和注册拉新
FBSlot引流,fb-promotion,/platforms/fb/,internal_only,FB 社交流量和获客测试
FB交友粉引流,fb-promotion,/platforms/fb/,internal_only,FB 社交流量和获客测试
FB债务引流,fb-promotion,/platforms/fb/,internal_only,FB 社交流量和获客测试
FB充值色粉引流,fb-promotion,/platforms/fb/,internal_only,FB 社交流量和获客测试
FB成人兴趣粉引流,fb-promotion,/platforms/fb/,internal_only,FB 社交流量和获客测试
FB成人粉引流,fb-promotion,/platforms/fb/,internal_only,FB 社交流量和获客测试
FB精准色粉引流,fb-promotion,/platforms/fb/,internal_only,FB 社交流量和获客测试
FB索赔引流,fb-promotion,/platforms/fb/,internal_only,FB 社交流量和获客测试
FB维权引流,fb-promotion,/platforms/fb/,internal_only,FB 社交流量和获客测试
FB色粉引流,fb-promotion,/platforms/fb/,internal_only,FB 社交流量和获客测试
FB推广,fb-promotion,/platforms/fb/,public_primary,FB 社交流量和获客测试
FB交友引流,fb-promotion,/platforms/fb/,public_secondary,FB 社交流量和获客测试
FB交友引流推广,fb-promotion,/platforms/fb/,public_secondary,FB 社交流量和获客测试
FB保险引流,fb-promotion,/platforms/fb/,public_secondary,FB 社交流量和获客测试
FB保险推广,fb-promotion,/platforms/fb/,public_secondary,FB 社交流量和获客测试
FB引流,fb-promotion,/platforms/fb/,public_secondary,FB 社交流量和获客测试
FB移民买量,fb-promotion,/platforms/fb/,public_secondary,FB 社交流量和获客测试
FB移民引流,fb-promotion,/platforms/fb/,public_secondary,FB 社交流量和获客测试
FB移民投放,fb-promotion,/platforms/fb/,public_secondary,FB 社交流量和获客测试
FB移民推广,fb-promotion,/platforms/fb/,public_secondary,FB 社交流量和获客测试
FB精准获客,fb-promotion,/platforms/fb/,public_secondary,FB 社交流量和获客测试
FB贷款引流,fb-promotion,/platforms/fb/,public_secondary,FB 社交流量和获客测试
FB贷款推广,fb-promotion,/platforms/fb/,public_secondary,FB 社交流量和获客测试
TK移民推广,fb-promotion,/platforms/fb/,public_secondary,FB 社交流量和获客测试
中东保险推广,fb-promotion,/platforms/fb/,public_secondary,FB 社交流量和获客测试
中东移民推广,fb-promotion,/platforms/fb/,public_secondary,FB 社交流量和获客测试
中东贷款推广,fb-promotion,/platforms/fb/,public_secondary,FB 社交流量和获客测试
交友引流广告投放,fb-promotion,/platforms/fb/,public_secondary,FB 社交流量和获客测试
俄罗斯保险推广,fb-promotion,/platforms/fb/,public_secondary,FB 社交流量和获客测试
俄罗斯移民推广,fb-promotion,/platforms/fb/,public_secondary,FB 社交流量和获客测试
俄罗斯贷款推广,fb-promotion,/platforms/fb/,public_secondary,FB 社交流量和获客测试
保险推广,fb-promotion,/platforms/fb/,public_secondary,FB 社交流量和获客测试
加拿大保险推广,fb-promotion,/platforms/fb/,public_secondary,FB 社交流量和获客测试
加拿大移民推广,fb-promotion,/platforms/fb/,public_secondary,FB 社交流量和获客测试
加拿大贷款推广,fb-promotion,/platforms/fb/,public_secondary,FB 社交流量和获客测试
印度保险推广,fb-promotion,/platforms/fb/,public_secondary,FB 社交流量和获客测试
印度移民推广,fb-promotion,/platforms/fb/,public_secondary,FB 社交流量和获客测试
印度贷款推广,fb-promotion,/platforms/fb/,public_secondary,FB 社交流量和获客测试
台湾保险推广,fb-promotion,/platforms/fb/,public_secondary,FB 社交流量和获客测试
台湾移民推广,fb-promotion,/platforms/fb/,public_secondary,FB 社交流量和获客测试
台湾贷款推广,fb-promotion,/platforms/fb/,public_secondary,FB 社交流量和获客测试
巴西保险推广,fb-promotion,/platforms/fb/,public_secondary,FB 社交流量和获客测试
巴西移民推广,fb-promotion,/platforms/fb/,public_secondary,FB 社交流量和获客测试
巴西贷款推广,fb-promotion,/platforms/fb/,public_secondary,FB 社交流量和获客测试
新加坡保险推广,fb-promotion,/platforms/fb/,public_secondary,FB 社交流量和获客测试
新加坡移民推广,fb-promotion,/platforms/fb/,public_secondary,FB 社交流量和获客测试
新加坡贷款推广,fb-promotion,/platforms/fb/,public_secondary,FB 社交流量和获客测试
日本保险推广,fb-promotion,/platforms/fb/,public_secondary,FB 社交流量和获客测试
日本移民推广,fb-promotion,/platforms/fb/,public_secondary,FB 社交流量和获客测试
日本贷款推广,fb-promotion,/platforms/fb/,public_secondary,FB 社交流量和获客测试
欧洲保险推广,fb-promotion,/platforms/fb/,public_secondary,FB 社交流量和获客测试
欧洲移民推广,fb-promotion,/platforms/fb/,public_secondary,FB 社交流量和获客测试
欧洲贷款推广,fb-promotion,/platforms/fb/,public_secondary,FB 社交流量和获客测试
泰国保险推广,fb-promotion,/platforms/fb/,public_secondary,FB 社交流量和获客测试
泰国移民推广,fb-promotion,/platforms/fb/,public_secondary,FB 社交流量和获客测试
泰国贷款推广,fb-promotion,/platforms/fb/,public_secondary,FB 社交流量和获客测试
澳大利亚保险推广,fb-promotion,/platforms/fb/,public_secondary,FB 社交流量和获客测试
澳大利亚移民推广,fb-promotion,/platforms/fb/,public_secondary,FB 社交流量和获客测试
澳大利亚贷款推广,fb-promotion,/platforms/fb/,public_secondary,FB 社交流量和获客测试
移民广告投放,fb-promotion,/platforms/fb/,public_secondary,FB 社交流量和获客测试
移民推广,fb-promotion,/platforms/fb/,public_secondary,FB 社交流量和获客测试
美国保险推广,fb-promotion,/platforms/fb/,public_secondary,FB 社交流量和获客测试
美国移民推广,fb-promotion,/platforms/fb/,public_secondary,FB 社交流量和获客测试
美国贷款推广,fb-promotion,/platforms/fb/,public_secondary,FB 社交流量和获客测试
英国保险推广,fb-promotion,/platforms/fb/,public_secondary,FB 社交流量和获客测试
英国移民推广,fb-promotion,/platforms/fb/,public_secondary,FB 社交流量和获客测试
英国贷款推广,fb-promotion,/platforms/fb/,public_secondary,FB 社交流量和获客测试
贷款推广,fb-promotion,/platforms/fb/,public_secondary,FB 社交流量和获客测试
越南保险推广,fb-promotion,/platforms/fb/,public_secondary,FB 社交流量和获客测试
越南移民推广,fb-promotion,/platforms/fb/,public_secondary,FB 社交流量和获客测试
越南贷款推广,fb-promotion,/platforms/fb/,public_secondary,FB 社交流量和获客测试
韩国保险推广,fb-promotion,/platforms/fb/,public_secondary,FB 社交流量和获客测试
韩国移民推广,fb-promotion,/platforms/fb/,public_secondary,FB 社交流量和获客测试
韩国贷款推广,fb-promotion,/platforms/fb/,public_secondary,FB 社交流量和获客测试
马来西亚保险推广,fb-promotion,/platforms/fb/,public_secondary,FB 社交流量和获客测试
马来西亚移民推广,fb-promotion,/platforms/fb/,public_secondary,FB 社交流量和获客测试
马来西亚贷款推广,fb-promotion,/platforms/fb/,public_secondary,FB 社交流量和获客测试
FB理财引流,finance-leads,/topics/finance-leads/,public_secondary,理财和金融咨询线索
FB理财推广,finance-leads,/topics/finance-leads/,public_secondary,理财和金融咨询线索
FB理财获客,finance-leads,/topics/finance-leads/,public_secondary,理财和金融咨询线索
中东理财引流,finance-leads,/topics/finance-leads/,public_secondary,理财和金融咨询线索
俄罗斯理财引流,finance-leads,/topics/finance-leads/,public_secondary,理财和金融咨询线索
加拿大理财引流,finance-leads,/topics/finance-leads/,public_secondary,理财和金融咨询线索
印度理财引流,finance-leads,/topics/finance-leads/,public_secondary,理财和金融咨询线索
台湾理财引流,finance-leads,/topics/finance-leads/,public_secondary,理财和金融咨询线索
巴西理财引流,finance-leads,/topics/finance-leads/,public_secondary,理财和金融咨询线索
新加坡理财引流,finance-leads,/topics/finance-leads/,public_secondary,理财和金融咨询线索
日本理财引流,finance-leads,/topics/finance-leads/,public_secondary,理财和金融咨询线索
欧洲理财引流,finance-leads,/topics/finance-leads/,public_secondary,理财和金融咨询线索
泰国理财引流,finance-leads,/topics/finance-leads/,public_secondary,理财和金融咨询线索
澳大利亚理财引流,finance-leads,/topics/finance-leads/,public_secondary,理财和金融咨询线索
理财引流,finance-leads,/topics/finance-leads/,public_secondary,理财和金融咨询线索
美国理财引流,finance-leads,/topics/finance-leads/,public_secondary,理财和金融咨询线索
英国理财引流,finance-leads,/topics/finance-leads/,public_secondary,理财和金融咨询线索
谷歌理财引流,finance-leads,/topics/finance-leads/,public_secondary,理财和金融咨询线索
越南理财引流,finance-leads,/topics/finance-leads/,public_secondary,理财和金融咨询线索
韩国理财引流,finance-leads,/topics/finance-leads/,public_secondary,理财和金融咨询线索
马来西亚理财引流,finance-leads,/topics/finance-leads/,public_secondary,理财和金融咨询线索
游戏推广,game-promotion,/topics/game-promotion/,public_primary,游戏买量和游戏拉新
FB游戏推广,game-promotion,/topics/game-promotion/,public_secondary,游戏买量和游戏拉新
谷歌游戏推广,game-promotion,/topics/game-promotion/,public_secondary,游戏买量和游戏拉新
谷歌Slot获客,google-promotion,/platforms/google/,internal_only,Google 搜索和展示推广
谷歌交友粉获客,google-promotion,/platforms/google/,internal_only,Google 搜索和展示推广
谷歌债务获客,google-promotion,/platforms/google/,internal_only,Google 搜索和展示推广
谷歌充值色粉获客,google-promotion,/platforms/google/,internal_only,Google 搜索和展示推广
谷歌成人兴趣粉获客,google-promotion,/platforms/google/,internal_only,Google 搜索和展示推广
谷歌成人粉获客,google-promotion,/platforms/google/,internal_only,Google 搜索和展示推广
谷歌精准色粉获客,google-promotion,/platforms/google/,internal_only,Google 搜索和展示推广
谷歌索赔获客,google-promotion,/platforms/google/,internal_only,Google 搜索和展示推广
谷歌维权获客,google-promotion,/platforms/google/,internal_only,Google 搜索和展示推广
谷歌色粉获客,google-promotion,/platforms/google/,internal_only,Google 搜索和展示推广
谷歌推广,google-promotion,/platforms/google/,public_primary,Google 搜索和展示推广
TK移民投放,google-promotion,/platforms/google/,public_secondary,Google 搜索和展示推广
中东理财推广,google-promotion,/platforms/google/,public_secondary,Google 搜索和展示推广
中东理财获客,google-promotion,/platforms/google/,public_secondary,Google 搜索和展示推广
中东移民投放,google-promotion,/platforms/google/,public_secondary,Google 搜索和展示推广
中东虚拟币推广,google-promotion,/platforms/google/,public_secondary,Google 搜索和展示推广
中东虚拟币获客,google-promotion,/platforms/google/,public_secondary,Google 搜索和展示推广
俄罗斯理财推广,google-promotion,/platforms/google/,public_secondary,Google 搜索和展示推广
俄罗斯理财获客,google-promotion,/platforms/google/,public_secondary,Google 搜索和展示推广
俄罗斯移民投放,google-promotion,/platforms/google/,public_secondary,Google 搜索和展示推广
俄罗斯虚拟币推广,google-promotion,/platforms/google/,public_secondary,Google 搜索和展示推广
俄罗斯虚拟币获客,google-promotion,/platforms/google/,public_secondary,Google 搜索和展示推广
加拿大理财推广,google-promotion,/platforms/google/,public_secondary,Google 搜索和展示推广
加拿大理财获客,google-promotion,/platforms/google/,public_secondary,Google 搜索和展示推广
加拿大移民投放,google-promotion,/platforms/google/,public_secondary,Google 搜索和展示推广
加拿大虚拟币推广,google-promotion,/platforms/google/,public_secondary,Google 搜索和展示推广
加拿大虚拟币获客,google-promotion,/platforms/google/,public_secondary,Google 搜索和展示推广
印度理财推广,google-promotion,/platforms/google/,public_secondary,Google 搜索和展示推广
印度理财获客,google-promotion,/platforms/google/,public_secondary,Google 搜索和展示推广
印度移民投放,google-promotion,/platforms/google/,public_secondary,Google 搜索和展示推广
印度虚拟币推广,google-promotion,/platforms/google/,public_secondary,Google 搜索和展示推广
印度虚拟币获客,google-promotion,/platforms/google/,public_secondary,Google 搜索和展示推广
台湾理财推广,google-promotion,/platforms/google/,public_secondary,Google 搜索和展示推广
台湾理财获客,google-promotion,/platforms/google/,public_secondary,Google 搜索和展示推广
台湾移民投放,google-promotion,/platforms/google/,public_secondary,Google 搜索和展示推广
台湾虚拟币推广,google-promotion,/platforms/google/,public_secondary,Google 搜索和展示推广
台湾虚拟币获客,google-promotion,/platforms/google/,public_secondary,Google 搜索和展示推广
巴西理财推广,google-promotion,/platforms/google/,public_secondary,Google 搜索和展示推广
巴西理财获客,google-promotion,/platforms/google/,public_secondary,Google 搜索和展示推广
巴西移民投放,google-promotion,/platforms/google/,public_secondary,Google 搜索和展示推广
巴西虚拟币推广,google-promotion,/platforms/google/,public_secondary,Google 搜索和展示推广
巴西虚拟币获客,google-promotion,/platforms/google/,public_secondary,Google 搜索和展示推广
新加坡理财推广,google-promotion,/platforms/google/,public_secondary,Google 搜索和展示推广
新加坡理财获客,google-promotion,/platforms/google/,public_secondary,Google 搜索和展示推广
新加坡移民投放,google-promotion,/platforms/google/,public_secondary,Google 搜索和展示推广
新加坡虚拟币推广,google-promotion,/platforms/google/,public_secondary,Google 搜索和展示推广
新加坡虚拟币获客,google-promotion,/platforms/google/,public_secondary,Google 搜索和展示推广
日本理财推广,google-promotion,/platforms/google/,public_secondary,Google 搜索和展示推广
日本理财获客,google-promotion,/platforms/google/,public_secondary,Google 搜索和展示推广
日本移民投放,google-promotion,/platforms/google/,public_secondary,Google 搜索和展示推广
日本虚拟币推广,google-promotion,/platforms/google/,public_secondary,Google 搜索和展示推广
日本虚拟币获客,google-promotion,/platforms/google/,public_secondary,Google 搜索和展示推广
欧洲理财推广,google-promotion,/platforms/google/,public_secondary,Google 搜索和展示推广
欧洲理财获客,google-promotion,/platforms/google/,public_secondary,Google 搜索和展示推广
欧洲移民投放,google-promotion,/platforms/google/,public_secondary,Google 搜索和展示推广
欧洲虚拟币推广,google-promotion,/platforms/google/,public_secondary,Google 搜索和展示推广
欧洲虚拟币获客,google-promotion,/platforms/google/,public_secondary,Google 搜索和展示推广
泰国理财推广,google-promotion,/platforms/google/,public_secondary,Google 搜索和展示推广
泰国理财获客,google-promotion,/platforms/google/,public_secondary,Google 搜索和展示推广
泰国移民投放,google-promotion,/platforms/google/,public_secondary,Google 搜索和展示推广
泰国虚拟币推广,google-promotion,/platforms/google/,public_secondary,Google 搜索和展示推广
泰国虚拟币获客,google-promotion,/platforms/google/,public_secondary,Google 搜索和展示推广
澳大利亚理财推广,google-promotion,/platforms/google/,public_secondary,Google 搜索和展示推广
澳大利亚理财获客,google-promotion,/platforms/google/,public_secondary,Google 搜索和展示推广
澳大利亚移民投放,google-promotion,/platforms/google/,public_secondary,Google 搜索和展示推广
澳大利亚虚拟币推广,google-promotion,/platforms/google/,public_secondary,Google 搜索和展示推广
澳大利亚虚拟币获客,google-promotion,/platforms/google/,public_secondary,Google 搜索和展示推广
理财推广,google-promotion,/platforms/google/,public_secondary,Google 搜索和展示推广
移民投放,google-promotion,/platforms/google/,public_secondary,Google 搜索和展示推广
移民搜索广告投放,google-promotion,/platforms/google/,public_secondary,Google 搜索和展示推广
美国理财推广,google-promotion,/platforms/google/,public_secondary,Google 搜索和展示推广
美国理财获客,google-promotion,/platforms/google/,public_secondary,Google 搜索和展示推广
美国移民投放,google-promotion,/platforms/google/,public_secondary,Google 搜索和展示推广
美国虚拟币推广,google-promotion,/platforms/google/,public_secondary,Google 搜索和展示推广
美国虚拟币获客,google-promotion,/platforms/google/,public_secondary,Google 搜索和展示推广
英国理财推广,google-promotion,/platforms/google/,public_secondary,Google 搜索和展示推广
英国理财获客,google-promotion,/platforms/google/,public_secondary,Google 搜索和展示推广
英国移民投放,google-promotion,/platforms/google/,public_secondary,Google 搜索和展示推广
英国虚拟币推广,google-promotion,/platforms/google/,public_secondary,Google 搜索和展示推广
英国虚拟币获客,google-promotion,/platforms/google/,public_secondary,Google 搜索和展示推广
虚拟币获客,google-promotion,/platforms/google/,public_secondary,Google 搜索和展示推广
谷歌保险推广,google-promotion,/platforms/google/,public_secondary,Google 搜索和展示推广
谷歌保险获客,google-promotion,/platforms/google/,public_secondary,Google 搜索和展示推广
谷歌理财推广,google-promotion,/platforms/google/,public_secondary,Google 搜索和展示推广
谷歌理财获客,google-promotion,/platforms/google/,public_secondary,Google 搜索和展示推广
谷歌移民买量,google-promotion,/platforms/google/,public_secondary,Google 搜索和展示推广
谷歌移民投放,google-promotion,/platforms/google/,public_secondary,Google 搜索和展示推广
谷歌移民推广,google-promotion,/platforms/google/,public_secondary,Google 搜索和展示推广
谷歌移民获客,google-promotion,/platforms/google/,public_secondary,Google 搜索和展示推广
谷歌获客,google-promotion,/platforms/google/,public_secondary,Google 搜索和展示推广
谷歌虚拟币推广,google-promotion,/platforms/google/,public_secondary,Google 搜索和展示推广
谷歌虚拟币获客,google-promotion,/platforms/google/,public_secondary,Google 搜索和展示推广
谷歌贷款推广,google-promotion,/platforms/google/,public_secondary,Google 搜索和展示推广
谷歌贷款获客,google-promotion,/platforms/google/,public_secondary,Google 搜索和展示推广
越南理财推广,google-promotion,/platforms/google/,public_secondary,Google 搜索和展示推广
越南理财获客,google-promotion,/platforms/google/,public_secondary,Google 搜索和展示推广
越南移民投放,google-promotion,/platforms/google/,public_secondary,Google 搜索和展示推广
越南虚拟币推广,google-promotion,/platforms/google/,public_secondary,Google 搜索和展示推广
越南虚拟币获客,google-promotion,/platforms/google/,public_secondary,Google 搜索和展示推广
韩国理财推广,google-promotion,/platforms/google/,public_secondary,Google 搜索和展示推广
韩国理财获客,google-promotion,/platforms/google/,public_secondary,Google 搜索和展示推广
韩国移民投放,google-promotion,/platforms/google/,public_secondary,Google 搜索和展示推广
韩国虚拟币推广,google-promotion,/platforms/google/,public_secondary,Google 搜索和展示推广
韩国虚拟币获客,google-promotion,/platforms/google/,public_secondary,Google 搜索和展示推广
马来西亚理财推广,google-promotion,/platforms/google/,public_secondary,Google 搜索和展示推广
马来西亚理财获客,google-promotion,/platforms/google/,public_secondary,Google 搜索和展示推广
马来西亚移民投放,google-promotion,/platforms/google/,public_secondary,Google 搜索和展示推广
马来西亚虚拟币推广,google-promotion,/platforms/google/,public_secondary,Google 搜索和展示推广
马来西亚虚拟币获客,google-promotion,/platforms/google/,public_secondary,Google 搜索和展示推广
移民获客,immigration-leads,/topics/immigration-leads/,public_primary,移民咨询线索
FB移民获客,immigration-leads,/topics/immigration-leads/,public_secondary,移民咨询线索
谷歌移民引流,immigration-leads,/topics/immigration-leads/,public_secondary,移民咨询线索
保险获客,insurance-leads,/topics/insurance-leads/,public_primary,保险咨询线索
FB保险获客,insurance-leads,/topics/insurance-leads/,public_secondary,保险咨询线索
谷歌保险引流,insurance-leads,/topics/insurance-leads/,public_secondary,保险咨询线索
贷款获客,loan-leads,/topics/loan-leads/,public_primary,贷款咨询线索
FB贷款获客,loan-leads,/topics/loan-leads/,public_secondary,贷款咨询线索
谷歌贷款引流,loan-leads,/topics/loan-leads/,public_secondary,贷款咨询线索
中东Slot引流,markets,/markets/,internal_only,国家和地区推广方向评估
中东Slot投放,markets,/markets/,internal_only,国家和地区推广方向评估
中东Slot推广,markets,/markets/,internal_only,国家和地区推广方向评估
中东Slot获客,markets,/markets/,internal_only,国家和地区推广方向评估
中东交友粉引流,markets,/markets/,internal_only,国家和地区推广方向评估
中东交友粉投放,markets,/markets/,internal_only,国家和地区推广方向评估
中东交友粉推广,markets,/markets/,internal_only,国家和地区推广方向评估
中东交友粉获客,markets,/markets/,internal_only,国家和地区推广方向评估
中东债务引流,markets,/markets/,internal_only,国家和地区推广方向评估
中东债务投放,markets,/markets/,internal_only,国家和地区推广方向评估
中东债务推广,markets,/markets/,internal_only,国家和地区推广方向评估
中东债务获客,markets,/markets/,internal_only,国家和地区推广方向评估
中东充值色粉引流,markets,/markets/,internal_only,国家和地区推广方向评估
中东充值色粉投放,markets,/markets/,internal_only,国家和地区推广方向评估
中东充值色粉推广,markets,/markets/,internal_only,国家和地区推广方向评估
中东充值色粉获客,markets,/markets/,internal_only,国家和地区推广方向评估
中东成人兴趣粉引流,markets,/markets/,internal_only,国家和地区推广方向评估
中东成人兴趣粉投放,markets,/markets/,internal_only,国家和地区推广方向评估
中东成人兴趣粉推广,markets,/markets/,internal_only,国家和地区推广方向评估
中东成人兴趣粉获客,markets,/markets/,internal_only,国家和地区推广方向评估
中东成人粉引流,markets,/markets/,internal_only,国家和地区推广方向评估
中东成人粉投放,markets,/markets/,internal_only,国家和地区推广方向评估
中东成人粉推广,markets,/markets/,internal_only,国家和地区推广方向评估
中东成人粉获客,markets,/markets/,internal_only,国家和地区推广方向评估
中东精准色粉引流,markets,/markets/,internal_only,国家和地区推广方向评估
中东精准色粉投放,markets,/markets/,internal_only,国家和地区推广方向评估
中东精准色粉推广,markets,/markets/,internal_only,国家和地区推广方向评估
中东精准色粉获客,markets,/markets/,internal_only,国家和地区推广方向评估
中东索赔引流,markets,/markets/,internal_only,国家和地区推广方向评估
中东索赔投放,markets,/markets/,internal_only,国家和地区推广方向评估
中东索赔推广,markets,/markets/,internal_only,国家和地区推广方向评估
中东索赔获客,markets,/markets/,internal_only,国家和地区推广方向评估
中东维权引流,markets,/markets/,internal_only,国家和地区推广方向评估
中东维权投放,markets,/markets/,internal_only,国家和地区推广方向评估
中东维权推广,markets,/markets/,internal_only,国家和地区推广方向评估
中东维权获客,markets,/markets/,internal_only,国家和地区推广方向评估
中东色粉引流,markets,/markets/,internal_only,国家和地区推广方向评估
中东色粉投放,markets,/markets/,internal_only,国家和地区推广方向评估
中东色粉推广,markets,/markets/,internal_only,国家和地区推广方向评估
中东色粉获客,markets,/markets/,internal_only,国家和地区推广方向评估
俄罗斯Slot引流,markets,/markets/,internal_only,国家和地区推广方向评估
俄罗斯Slot投放,markets,/markets/,internal_only,国家和地区推广方向评估
俄罗斯Slot推广,markets,/markets/,internal_only,国家和地区推广方向评估
俄罗斯Slot获客,markets,/markets/,internal_only,国家和地区推广方向评估
俄罗斯交友粉引流,markets,/markets/,internal_only,国家和地区推广方向评估
俄罗斯交友粉投放,markets,/markets/,internal_only,国家和地区推广方向评估
俄罗斯交友粉推广,markets,/markets/,internal_only,国家和地区推广方向评估
俄罗斯交友粉获客,markets,/markets/,internal_only,国家和地区推广方向评估
俄罗斯债务引流,markets,/markets/,internal_only,国家和地区推广方向评估
俄罗斯债务投放,markets,/markets/,internal_only,国家和地区推广方向评估
俄罗斯债务推广,markets,/markets/,internal_only,国家和地区推广方向评估
俄罗斯债务获客,markets,/markets/,internal_only,国家和地区推广方向评估
俄罗斯充值色粉引流,markets,/markets/,internal_only,国家和地区推广方向评估
俄罗斯充值色粉投放,markets,/markets/,internal_only,国家和地区推广方向评估
俄罗斯充值色粉推广,markets,/markets/,internal_only,国家和地区推广方向评估
俄罗斯充值色粉获客,markets,/markets/,internal_only,国家和地区推广方向评估
俄罗斯成人兴趣粉引流,markets,/markets/,internal_only,国家和地区推广方向评估
俄罗斯成人兴趣粉投放,markets,/markets/,internal_only,国家和地区推广方向评估
俄罗斯成人兴趣粉推广,markets,/markets/,internal_only,国家和地区推广方向评估
俄罗斯成人兴趣粉获客,markets,/markets/,internal_only,国家和地区推广方向评估
俄罗斯成人粉引流,markets,/markets/,internal_only,国家和地区推广方向评估
俄罗斯成人粉投放,markets,/markets/,internal_only,国家和地区推广方向评估
俄罗斯成人粉推广,markets,/markets/,internal_only,国家和地区推广方向评估
俄罗斯成人粉获客,markets,/markets/,internal_only,国家和地区推广方向评估
俄罗斯精准色粉引流,markets,/markets/,internal_only,国家和地区推广方向评估
俄罗斯精准色粉投放,markets,/markets/,internal_only,国家和地区推广方向评估
俄罗斯精准色粉推广,markets,/markets/,internal_only,国家和地区推广方向评估
俄罗斯精准色粉获客,markets,/markets/,internal_only,国家和地区推广方向评估
俄罗斯索赔引流,markets,/markets/,internal_only,国家和地区推广方向评估
俄罗斯索赔投放,markets,/markets/,internal_only,国家和地区推广方向评估
俄罗斯索赔推广,markets,/markets/,internal_only,国家和地区推广方向评估
俄罗斯索赔获客,markets,/markets/,internal_only,国家和地区推广方向评估
俄罗斯维权引流,markets,/markets/,internal_only,国家和地区推广方向评估
俄罗斯维权投放,markets,/markets/,internal_only,国家和地区推广方向评估
俄罗斯维权推广,markets,/markets/,internal_only,国家和地区推广方向评估
俄罗斯维权获客,markets,/markets/,internal_only,国家和地区推广方向评估
俄罗斯色粉引流,markets,/markets/,internal_only,国家和地区推广方向评估
俄罗斯色粉投放,markets,/markets/,internal_only,国家和地区推广方向评估
俄罗斯色粉推广,markets,/markets/,internal_only,国家和地区推广方向评估
俄罗斯色粉获客,markets,/markets/,internal_only,国家和地区推广方向评估
加拿大Slot引流,markets,/markets/,internal_only,国家和地区推广方向评估
加拿大Slot投放,markets,/markets/,internal_only,国家和地区推广方向评估
加拿大Slot推广,markets,/markets/,internal_only,国家和地区推广方向评估
加拿大Slot获客,markets,/markets/,internal_only,国家和地区推广方向评估
加拿大交友粉引流,markets,/markets/,internal_only,国家和地区推广方向评估
加拿大交友粉投放,markets,/markets/,internal_only,国家和地区推广方向评估
加拿大交友粉推广,markets,/markets/,internal_only,国家和地区推广方向评估
加拿大交友粉获客,markets,/markets/,internal_only,国家和地区推广方向评估
加拿大债务引流,markets,/markets/,internal_only,国家和地区推广方向评估
加拿大债务投放,markets,/markets/,internal_only,国家和地区推广方向评估
加拿大债务推广,markets,/markets/,internal_only,国家和地区推广方向评估
加拿大债务获客,markets,/markets/,internal_only,国家和地区推广方向评估
加拿大充值色粉引流,markets,/markets/,internal_only,国家和地区推广方向评估
加拿大充值色粉投放,markets,/markets/,internal_only,国家和地区推广方向评估
加拿大充值色粉推广,markets,/markets/,internal_only,国家和地区推广方向评估
加拿大充值色粉获客,markets,/markets/,internal_only,国家和地区推广方向评估
加拿大成人兴趣粉引流,markets,/markets/,internal_only,国家和地区推广方向评估
加拿大成人兴趣粉投放,markets,/markets/,internal_only,国家和地区推广方向评估
加拿大成人兴趣粉推广,markets,/markets/,internal_only,国家和地区推广方向评估
加拿大成人兴趣粉获客,markets,/markets/,internal_only,国家和地区推广方向评估
加拿大成人粉引流,markets,/markets/,internal_only,国家和地区推广方向评估
加拿大成人粉投放,markets,/markets/,internal_only,国家和地区推广方向评估
加拿大成人粉推广,markets,/markets/,internal_only,国家和地区推广方向评估
加拿大成人粉获客,markets,/markets/,internal_only,国家和地区推广方向评估
加拿大精准色粉引流,markets,/markets/,internal_only,国家和地区推广方向评估
加拿大精准色粉投放,markets,/markets/,internal_only,国家和地区推广方向评估
加拿大精准色粉推广,markets,/markets/,internal_only,国家和地区推广方向评估
加拿大精准色粉获客,markets,/markets/,internal_only,国家和地区推广方向评估
加拿大索赔引流,markets,/markets/,internal_only,国家和地区推广方向评估
加拿大索赔投放,markets,/markets/,internal_only,国家和地区推广方向评估
加拿大索赔推广,markets,/markets/,internal_only,国家和地区推广方向评估
加拿大索赔获客,markets,/markets/,internal_only,国家和地区推广方向评估
加拿大维权引流,markets,/markets/,internal_only,国家和地区推广方向评估
加拿大维权投放,markets,/markets/,internal_only,国家和地区推广方向评估
加拿大维权推广,markets,/markets/,internal_only,国家和地区推广方向评估
加拿大维权获客,markets,/markets/,internal_only,国家和地区推广方向评估
加拿大色粉引流,markets,/markets/,internal_only,国家和地区推广方向评估
加拿大色粉投放,markets,/markets/,internal_only,国家和地区推广方向评估
加拿大色粉推广,markets,/markets/,internal_only,国家和地区推广方向评估
加拿大色粉获客,markets,/markets/,internal_only,国家和地区推广方向评估
印度Slot引流,markets,/markets/,internal_only,国家和地区推广方向评估
印度Slot投放,markets,/markets/,internal_only,国家和地区推广方向评估
印度Slot推广,markets,/markets/,internal_only,国家和地区推广方向评估
印度Slot获客,markets,/markets/,internal_only,国家和地区推广方向评估
印度交友粉引流,markets,/markets/,internal_only,国家和地区推广方向评估
印度交友粉投放,markets,/markets/,internal_only,国家和地区推广方向评估
印度交友粉推广,markets,/markets/,internal_only,国家和地区推广方向评估
印度交友粉获客,markets,/markets/,internal_only,国家和地区推广方向评估
印度债务引流,markets,/markets/,internal_only,国家和地区推广方向评估
印度债务投放,markets,/markets/,internal_only,国家和地区推广方向评估
印度债务推广,markets,/markets/,internal_only,国家和地区推广方向评估
印度债务获客,markets,/markets/,internal_only,国家和地区推广方向评估
印度充值色粉引流,markets,/markets/,internal_only,国家和地区推广方向评估
印度充值色粉投放,markets,/markets/,internal_only,国家和地区推广方向评估
印度充值色粉推广,markets,/markets/,internal_only,国家和地区推广方向评估
印度充值色粉获客,markets,/markets/,internal_only,国家和地区推广方向评估
印度成人兴趣粉引流,markets,/markets/,internal_only,国家和地区推广方向评估
印度成人兴趣粉投放,markets,/markets/,internal_only,国家和地区推广方向评估
印度成人兴趣粉推广,markets,/markets/,internal_only,国家和地区推广方向评估
印度成人兴趣粉获客,markets,/markets/,internal_only,国家和地区推广方向评估
印度成人粉引流,markets,/markets/,internal_only,国家和地区推广方向评估
印度成人粉投放,markets,/markets/,internal_only,国家和地区推广方向评估
印度成人粉推广,markets,/markets/,internal_only,国家和地区推广方向评估
印度成人粉获客,markets,/markets/,internal_only,国家和地区推广方向评估
印度精准色粉引流,markets,/markets/,internal_only,国家和地区推广方向评估
印度精准色粉投放,markets,/markets/,internal_only,国家和地区推广方向评估
印度精准色粉推广,markets,/markets/,internal_only,国家和地区推广方向评估
印度精准色粉获客,markets,/markets/,internal_only,国家和地区推广方向评估
印度索赔引流,markets,/markets/,internal_only,国家和地区推广方向评估
印度索赔投放,markets,/markets/,internal_only,国家和地区推广方向评估
印度索赔推广,markets,/markets/,internal_only,国家和地区推广方向评估
印度索赔获客,markets,/markets/,internal_only,国家和地区推广方向评估
印度维权引流,markets,/markets/,internal_only,国家和地区推广方向评估
印度维权投放,markets,/markets/,internal_only,国家和地区推广方向评估
印度维权推广,markets,/markets/,internal_only,国家和地区推广方向评估
印度维权获客,markets,/markets/,internal_only,国家和地区推广方向评估
印度色粉引流,markets,/markets/,internal_only,国家和地区推广方向评估
印度色粉投放,markets,/markets/,internal_only,国家和地区推广方向评估
印度色粉推广,markets,/markets/,internal_only,国家和地区推广方向评估
印度色粉获客,markets,/markets/,internal_only,国家和地区推广方向评估
台湾Slot引流,markets,/markets/,internal_only,国家和地区推广方向评估
台湾Slot投放,markets,/markets/,internal_only,国家和地区推广方向评估
台湾Slot推广,markets,/markets/,internal_only,国家和地区推广方向评估
台湾Slot获客,markets,/markets/,internal_only,国家和地区推广方向评估
台湾交友粉引流,markets,/markets/,internal_only,国家和地区推广方向评估
台湾交友粉投放,markets,/markets/,internal_only,国家和地区推广方向评估
台湾交友粉推广,markets,/markets/,internal_only,国家和地区推广方向评估
台湾交友粉获客,markets,/markets/,internal_only,国家和地区推广方向评估
台湾债务引流,markets,/markets/,internal_only,国家和地区推广方向评估
台湾债务投放,markets,/markets/,internal_only,国家和地区推广方向评估
台湾债务推广,markets,/markets/,internal_only,国家和地区推广方向评估
台湾债务获客,markets,/markets/,internal_only,国家和地区推广方向评估
台湾充值色粉引流,markets,/markets/,internal_only,国家和地区推广方向评估
台湾充值色粉投放,markets,/markets/,internal_only,国家和地区推广方向评估
台湾充值色粉推广,markets,/markets/,internal_only,国家和地区推广方向评估
台湾充值色粉获客,markets,/markets/,internal_only,国家和地区推广方向评估
台湾成人兴趣粉引流,markets,/markets/,internal_only,国家和地区推广方向评估
台湾成人兴趣粉投放,markets,/markets/,internal_only,国家和地区推广方向评估
台湾成人兴趣粉推广,markets,/markets/,internal_only,国家和地区推广方向评估
台湾成人兴趣粉获客,markets,/markets/,internal_only,国家和地区推广方向评估
台湾成人粉引流,markets,/markets/,internal_only,国家和地区推广方向评估
台湾成人粉投放,markets,/markets/,internal_only,国家和地区推广方向评估
台湾成人粉推广,markets,/markets/,internal_only,国家和地区推广方向评估
台湾成人粉获客,markets,/markets/,internal_only,国家和地区推广方向评估
台湾精准色粉引流,markets,/markets/,internal_only,国家和地区推广方向评估
台湾精准色粉投放,markets,/markets/,internal_only,国家和地区推广方向评估
台湾精准色粉推广,markets,/markets/,internal_only,国家和地区推广方向评估
台湾精准色粉获客,markets,/markets/,internal_only,国家和地区推广方向评估
台湾索赔引流,markets,/markets/,internal_only,国家和地区推广方向评估
台湾索赔投放,markets,/markets/,internal_only,国家和地区推广方向评估
台湾索赔推广,markets,/markets/,internal_only,国家和地区推广方向评估
台湾索赔获客,markets,/markets/,internal_only,国家和地区推广方向评估
台湾维权引流,markets,/markets/,internal_only,国家和地区推广方向评估
台湾维权投放,markets,/markets/,internal_only,国家和地区推广方向评估
台湾维权推广,markets,/markets/,internal_only,国家和地区推广方向评估
台湾维权获客,markets,/markets/,internal_only,国家和地区推广方向评估
台湾色粉引流,markets,/markets/,internal_only,国家和地区推广方向评估
台湾色粉投放,markets,/markets/,internal_only,国家和地区推广方向评估
台湾色粉推广,markets,/markets/,internal_only,国家和地区推广方向评估
台湾色粉获客,markets,/markets/,internal_only,国家和地区推广方向评估
巴西Slot引流,markets,/markets/,internal_only,国家和地区推广方向评估
巴西Slot投放,markets,/markets/,internal_only,国家和地区推广方向评估
巴西Slot推广,markets,/markets/,internal_only,国家和地区推广方向评估
巴西Slot获客,markets,/markets/,internal_only,国家和地区推广方向评估
巴西交友粉引流,markets,/markets/,internal_only,国家和地区推广方向评估
巴西交友粉投放,markets,/markets/,internal_only,国家和地区推广方向评估
巴西交友粉推广,markets,/markets/,internal_only,国家和地区推广方向评估
巴西交友粉获客,markets,/markets/,internal_only,国家和地区推广方向评估
巴西债务引流,markets,/markets/,internal_only,国家和地区推广方向评估
巴西债务投放,markets,/markets/,internal_only,国家和地区推广方向评估
巴西债务推广,markets,/markets/,internal_only,国家和地区推广方向评估
巴西债务获客,markets,/markets/,internal_only,国家和地区推广方向评估
巴西充值色粉引流,markets,/markets/,internal_only,国家和地区推广方向评估
巴西充值色粉投放,markets,/markets/,internal_only,国家和地区推广方向评估
巴西充值色粉推广,markets,/markets/,internal_only,国家和地区推广方向评估
巴西充值色粉获客,markets,/markets/,internal_only,国家和地区推广方向评估
巴西成人兴趣粉引流,markets,/markets/,internal_only,国家和地区推广方向评估
巴西成人兴趣粉投放,markets,/markets/,internal_only,国家和地区推广方向评估
巴西成人兴趣粉推广,markets,/markets/,internal_only,国家和地区推广方向评估
巴西成人兴趣粉获客,markets,/markets/,internal_only,国家和地区推广方向评估
巴西成人粉引流,markets,/markets/,internal_only,国家和地区推广方向评估
巴西成人粉投放,markets,/markets/,internal_only,国家和地区推广方向评估
巴西成人粉推广,markets,/markets/,internal_only,国家和地区推广方向评估
巴西成人粉获客,markets,/markets/,internal_only,国家和地区推广方向评估
巴西精准色粉引流,markets,/markets/,internal_only,国家和地区推广方向评估
巴西精准色粉投放,markets,/markets/,internal_only,国家和地区推广方向评估
巴西精准色粉推广,markets,/markets/,internal_only,国家和地区推广方向评估
巴西精准色粉获客,markets,/markets/,internal_only,国家和地区推广方向评估
巴西索赔引流,markets,/markets/,internal_only,国家和地区推广方向评估
巴西索赔投放,markets,/markets/,internal_only,国家和地区推广方向评估
巴西索赔推广,markets,/markets/,internal_only,国家和地区推广方向评估
巴西索赔获客,markets,/markets/,internal_only,国家和地区推广方向评估
巴西维权引流,markets,/markets/,internal_only,国家和地区推广方向评估
巴西维权投放,markets,/markets/,internal_only,国家和地区推广方向评估
巴西维权推广,markets,/markets/,internal_only,国家和地区推广方向评估
巴西维权获客,markets,/markets/,internal_only,国家和地区推广方向评估
巴西色粉引流,markets,/markets/,internal_only,国家和地区推广方向评估
巴西色粉投放,markets,/markets/,internal_only,国家和地区推广方向评估
巴西色粉推广,markets,/markets/,internal_only,国家和地区推广方向评估
巴西色粉获客,markets,/markets/,internal_only,国家和地区推广方向评估
新加坡Slot引流,markets,/markets/,internal_only,国家和地区推广方向评估
新加坡Slot投放,markets,/markets/,internal_only,国家和地区推广方向评估
新加坡Slot推广,markets,/markets/,internal_only,国家和地区推广方向评估
新加坡Slot获客,markets,/markets/,internal_only,国家和地区推广方向评估
新加坡交友粉引流,markets,/markets/,internal_only,国家和地区推广方向评估
新加坡交友粉投放,markets,/markets/,internal_only,国家和地区推广方向评估
新加坡交友粉推广,markets,/markets/,internal_only,国家和地区推广方向评估
新加坡交友粉获客,markets,/markets/,internal_only,国家和地区推广方向评估
新加坡债务引流,markets,/markets/,internal_only,国家和地区推广方向评估
新加坡债务投放,markets,/markets/,internal_only,国家和地区推广方向评估
新加坡债务推广,markets,/markets/,internal_only,国家和地区推广方向评估
新加坡债务获客,markets,/markets/,internal_only,国家和地区推广方向评估
新加坡充值色粉引流,markets,/markets/,internal_only,国家和地区推广方向评估
新加坡充值色粉投放,markets,/markets/,internal_only,国家和地区推广方向评估
新加坡充值色粉推广,markets,/markets/,internal_only,国家和地区推广方向评估
新加坡充值色粉获客,markets,/markets/,internal_only,国家和地区推广方向评估
新加坡成人兴趣粉引流,markets,/markets/,internal_only,国家和地区推广方向评估
新加坡成人兴趣粉投放,markets,/markets/,internal_only,国家和地区推广方向评估
新加坡成人兴趣粉推广,markets,/markets/,internal_only,国家和地区推广方向评估
新加坡成人兴趣粉获客,markets,/markets/,internal_only,国家和地区推广方向评估
新加坡成人粉引流,markets,/markets/,internal_only,国家和地区推广方向评估
新加坡成人粉投放,markets,/markets/,internal_only,国家和地区推广方向评估
新加坡成人粉推广,markets,/markets/,internal_only,国家和地区推广方向评估
新加坡成人粉获客,markets,/markets/,internal_only,国家和地区推广方向评估
新加坡精准色粉引流,markets,/markets/,internal_only,国家和地区推广方向评估
新加坡精准色粉投放,markets,/markets/,internal_only,国家和地区推广方向评估
新加坡精准色粉推广,markets,/markets/,internal_only,国家和地区推广方向评估
新加坡精准色粉获客,markets,/markets/,internal_only,国家和地区推广方向评估
新加坡索赔引流,markets,/markets/,internal_only,国家和地区推广方向评估
新加坡索赔投放,markets,/markets/,internal_only,国家和地区推广方向评估
新加坡索赔推广,markets,/markets/,internal_only,国家和地区推广方向评估
新加坡索赔获客,markets,/markets/,internal_only,国家和地区推广方向评估
新加坡维权引流,markets,/markets/,internal_only,国家和地区推广方向评估
新加坡维权投放,markets,/markets/,internal_only,国家和地区推广方向评估
新加坡维权推广,markets,/markets/,internal_only,国家和地区推广方向评估
新加坡维权获客,markets,/markets/,internal_only,国家和地区推广方向评估
新加坡色粉引流,markets,/markets/,internal_only,国家和地区推广方向评估
新加坡色粉投放,markets,/markets/,internal_only,国家和地区推广方向评估
新加坡色粉推广,markets,/markets/,internal_only,国家和地区推广方向评估
新加坡色粉获客,markets,/markets/,internal_only,国家和地区推广方向评估
日本Slot引流,markets,/markets/,internal_only,国家和地区推广方向评估
日本Slot投放,markets,/markets/,internal_only,国家和地区推广方向评估
日本Slot推广,markets,/markets/,internal_only,国家和地区推广方向评估
日本Slot获客,markets,/markets/,internal_only,国家和地区推广方向评估
日本交友粉引流,markets,/markets/,internal_only,国家和地区推广方向评估
日本交友粉投放,markets,/markets/,internal_only,国家和地区推广方向评估
日本交友粉推广,markets,/markets/,internal_only,国家和地区推广方向评估
日本交友粉获客,markets,/markets/,internal_only,国家和地区推广方向评估
日本债务引流,markets,/markets/,internal_only,国家和地区推广方向评估
日本债务投放,markets,/markets/,internal_only,国家和地区推广方向评估
日本债务推广,markets,/markets/,internal_only,国家和地区推广方向评估
日本债务获客,markets,/markets/,internal_only,国家和地区推广方向评估
日本充值色粉引流,markets,/markets/,internal_only,国家和地区推广方向评估
日本充值色粉投放,markets,/markets/,internal_only,国家和地区推广方向评估
日本充值色粉推广,markets,/markets/,internal_only,国家和地区推广方向评估
日本充值色粉获客,markets,/markets/,internal_only,国家和地区推广方向评估
日本成人兴趣粉引流,markets,/markets/,internal_only,国家和地区推广方向评估
日本成人兴趣粉投放,markets,/markets/,internal_only,国家和地区推广方向评估
日本成人兴趣粉推广,markets,/markets/,internal_only,国家和地区推广方向评估
日本成人兴趣粉获客,markets,/markets/,internal_only,国家和地区推广方向评估
日本成人粉引流,markets,/markets/,internal_only,国家和地区推广方向评估
日本成人粉投放,markets,/markets/,internal_only,国家和地区推广方向评估
日本成人粉推广,markets,/markets/,internal_only,国家和地区推广方向评估
日本成人粉获客,markets,/markets/,internal_only,国家和地区推广方向评估
日本精准色粉引流,markets,/markets/,internal_only,国家和地区推广方向评估
日本精准色粉投放,markets,/markets/,internal_only,国家和地区推广方向评估
日本精准色粉推广,markets,/markets/,internal_only,国家和地区推广方向评估
日本精准色粉获客,markets,/markets/,internal_only,国家和地区推广方向评估
日本索赔引流,markets,/markets/,internal_only,国家和地区推广方向评估
日本索赔投放,markets,/markets/,internal_only,国家和地区推广方向评估
日本索赔推广,markets,/markets/,internal_only,国家和地区推广方向评估
日本索赔获客,markets,/markets/,internal_only,国家和地区推广方向评估
日本维权引流,markets,/markets/,internal_only,国家和地区推广方向评估
日本维权投放,markets,/markets/,internal_only,国家和地区推广方向评估
日本维权推广,markets,/markets/,internal_only,国家和地区推广方向评估
日本维权获客,markets,/markets/,internal_only,国家和地区推广方向评估
日本色粉引流,markets,/markets/,internal_only,国家和地区推广方向评估
日本色粉投放,markets,/markets/,internal_only,国家和地区推广方向评估
日本色粉推广,markets,/markets/,internal_only,国家和地区推广方向评估
日本色粉获客,markets,/markets/,internal_only,国家和地区推广方向评估
欧洲Slot引流,markets,/markets/,internal_only,国家和地区推广方向评估
欧洲Slot投放,markets,/markets/,internal_only,国家和地区推广方向评估
欧洲Slot推广,markets,/markets/,internal_only,国家和地区推广方向评估
欧洲Slot获客,markets,/markets/,internal_only,国家和地区推广方向评估
欧洲交友粉引流,markets,/markets/,internal_only,国家和地区推广方向评估
欧洲交友粉投放,markets,/markets/,internal_only,国家和地区推广方向评估
欧洲交友粉推广,markets,/markets/,internal_only,国家和地区推广方向评估
欧洲交友粉获客,markets,/markets/,internal_only,国家和地区推广方向评估
欧洲债务引流,markets,/markets/,internal_only,国家和地区推广方向评估
欧洲债务投放,markets,/markets/,internal_only,国家和地区推广方向评估
欧洲债务推广,markets,/markets/,internal_only,国家和地区推广方向评估
欧洲债务获客,markets,/markets/,internal_only,国家和地区推广方向评估
欧洲充值色粉引流,markets,/markets/,internal_only,国家和地区推广方向评估
欧洲充值色粉投放,markets,/markets/,internal_only,国家和地区推广方向评估
欧洲充值色粉推广,markets,/markets/,internal_only,国家和地区推广方向评估
欧洲充值色粉获客,markets,/markets/,internal_only,国家和地区推广方向评估
欧洲成人兴趣粉引流,markets,/markets/,internal_only,国家和地区推广方向评估
欧洲成人兴趣粉投放,markets,/markets/,internal_only,国家和地区推广方向评估
欧洲成人兴趣粉推广,markets,/markets/,internal_only,国家和地区推广方向评估
欧洲成人兴趣粉获客,markets,/markets/,internal_only,国家和地区推广方向评估
欧洲成人粉引流,markets,/markets/,internal_only,国家和地区推广方向评估
欧洲成人粉投放,markets,/markets/,internal_only,国家和地区推广方向评估
欧洲成人粉推广,markets,/markets/,internal_only,国家和地区推广方向评估
欧洲成人粉获客,markets,/markets/,internal_only,国家和地区推广方向评估
欧洲精准色粉引流,markets,/markets/,internal_only,国家和地区推广方向评估
欧洲精准色粉投放,markets,/markets/,internal_only,国家和地区推广方向评估
欧洲精准色粉推广,markets,/markets/,internal_only,国家和地区推广方向评估
欧洲精准色粉获客,markets,/markets/,internal_only,国家和地区推广方向评估
欧洲索赔引流,markets,/markets/,internal_only,国家和地区推广方向评估
欧洲索赔投放,markets,/markets/,internal_only,国家和地区推广方向评估
欧洲索赔推广,markets,/markets/,internal_only,国家和地区推广方向评估
欧洲索赔获客,markets,/markets/,internal_only,国家和地区推广方向评估
欧洲维权引流,markets,/markets/,internal_only,国家和地区推广方向评估
欧洲维权投放,markets,/markets/,internal_only,国家和地区推广方向评估
欧洲维权推广,markets,/markets/,internal_only,国家和地区推广方向评估
欧洲维权获客,markets,/markets/,internal_only,国家和地区推广方向评估
欧洲色粉引流,markets,/markets/,internal_only,国家和地区推广方向评估
欧洲色粉投放,markets,/markets/,internal_only,国家和地区推广方向评估
欧洲色粉推广,markets,/markets/,internal_only,国家和地区推广方向评估
欧洲色粉获客,markets,/markets/,internal_only,国家和地区推广方向评估
泰国Slot引流,markets,/markets/,internal_only,国家和地区推广方向评估
泰国Slot投放,markets,/markets/,internal_only,国家和地区推广方向评估
泰国Slot推广,markets,/markets/,internal_only,国家和地区推广方向评估
泰国Slot获客,markets,/markets/,internal_only,国家和地区推广方向评估
泰国交友粉引流,markets,/markets/,internal_only,国家和地区推广方向评估
泰国交友粉投放,markets,/markets/,internal_only,国家和地区推广方向评估
泰国交友粉推广,markets,/markets/,internal_only,国家和地区推广方向评估
泰国交友粉获客,markets,/markets/,internal_only,国家和地区推广方向评估
泰国债务引流,markets,/markets/,internal_only,国家和地区推广方向评估
泰国债务投放,markets,/markets/,internal_only,国家和地区推广方向评估
泰国债务推广,markets,/markets/,internal_only,国家和地区推广方向评估
泰国债务获客,markets,/markets/,internal_only,国家和地区推广方向评估
泰国充值色粉引流,markets,/markets/,internal_only,国家和地区推广方向评估
泰国充值色粉投放,markets,/markets/,internal_only,国家和地区推广方向评估
泰国充值色粉推广,markets,/markets/,internal_only,国家和地区推广方向评估
泰国充值色粉获客,markets,/markets/,internal_only,国家和地区推广方向评估
泰国成人兴趣粉引流,markets,/markets/,internal_only,国家和地区推广方向评估
泰国成人兴趣粉投放,markets,/markets/,internal_only,国家和地区推广方向评估
泰国成人兴趣粉推广,markets,/markets/,internal_only,国家和地区推广方向评估
泰国成人兴趣粉获客,markets,/markets/,internal_only,国家和地区推广方向评估
泰国成人粉引流,markets,/markets/,internal_only,国家和地区推广方向评估
泰国成人粉投放,markets,/markets/,internal_only,国家和地区推广方向评估
泰国成人粉推广,markets,/markets/,internal_only,国家和地区推广方向评估
泰国成人粉获客,markets,/markets/,internal_only,国家和地区推广方向评估
泰国精准色粉引流,markets,/markets/,internal_only,国家和地区推广方向评估
泰国精准色粉投放,markets,/markets/,internal_only,国家和地区推广方向评估
泰国精准色粉推广,markets,/markets/,internal_only,国家和地区推广方向评估
泰国精准色粉获客,markets,/markets/,internal_only,国家和地区推广方向评估
泰国索赔引流,markets,/markets/,internal_only,国家和地区推广方向评估
泰国索赔投放,markets,/markets/,internal_only,国家和地区推广方向评估
泰国索赔推广,markets,/markets/,internal_only,国家和地区推广方向评估
泰国索赔获客,markets,/markets/,internal_only,国家和地区推广方向评估
泰国维权引流,markets,/markets/,internal_only,国家和地区推广方向评估
泰国维权投放,markets,/markets/,internal_only,国家和地区推广方向评估
泰国维权推广,markets,/markets/,internal_only,国家和地区推广方向评估
泰国维权获客,markets,/markets/,internal_only,国家和地区推广方向评估
泰国色粉引流,markets,/markets/,internal_only,国家和地区推广方向评估
泰国色粉投放,markets,/markets/,internal_only,国家和地区推广方向评估
泰国色粉推广,markets,/markets/,internal_only,国家和地区推广方向评估
泰国色粉获客,markets,/markets/,internal_only,国家和地区推广方向评估
澳大利亚Slot引流,markets,/markets/,internal_only,国家和地区推广方向评估
澳大利亚Slot投放,markets,/markets/,internal_only,国家和地区推广方向评估
澳大利亚Slot推广,markets,/markets/,internal_only,国家和地区推广方向评估
澳大利亚Slot获客,markets,/markets/,internal_only,国家和地区推广方向评估
澳大利亚交友粉引流,markets,/markets/,internal_only,国家和地区推广方向评估
澳大利亚交友粉投放,markets,/markets/,internal_only,国家和地区推广方向评估
澳大利亚交友粉推广,markets,/markets/,internal_only,国家和地区推广方向评估
澳大利亚交友粉获客,markets,/markets/,internal_only,国家和地区推广方向评估
澳大利亚债务引流,markets,/markets/,internal_only,国家和地区推广方向评估
澳大利亚债务投放,markets,/markets/,internal_only,国家和地区推广方向评估
澳大利亚债务推广,markets,/markets/,internal_only,国家和地区推广方向评估
澳大利亚债务获客,markets,/markets/,internal_only,国家和地区推广方向评估
澳大利亚充值色粉引流,markets,/markets/,internal_only,国家和地区推广方向评估
澳大利亚充值色粉投放,markets,/markets/,internal_only,国家和地区推广方向评估
澳大利亚充值色粉推广,markets,/markets/,internal_only,国家和地区推广方向评估
澳大利亚充值色粉获客,markets,/markets/,internal_only,国家和地区推广方向评估
澳大利亚成人兴趣粉引流,markets,/markets/,internal_only,国家和地区推广方向评估
澳大利亚成人兴趣粉投放,markets,/markets/,internal_only,国家和地区推广方向评估
澳大利亚成人兴趣粉推广,markets,/markets/,internal_only,国家和地区推广方向评估
澳大利亚成人兴趣粉获客,markets,/markets/,internal_only,国家和地区推广方向评估
澳大利亚成人粉引流,markets,/markets/,internal_only,国家和地区推广方向评估
澳大利亚成人粉投放,markets,/markets/,internal_only,国家和地区推广方向评估
澳大利亚成人粉推广,markets,/markets/,internal_only,国家和地区推广方向评估
澳大利亚成人粉获客,markets,/markets/,internal_only,国家和地区推广方向评估
澳大利亚精准色粉引流,markets,/markets/,internal_only,国家和地区推广方向评估
澳大利亚精准色粉投放,markets,/markets/,internal_only,国家和地区推广方向评估
澳大利亚精准色粉推广,markets,/markets/,internal_only,国家和地区推广方向评估
澳大利亚精准色粉获客,markets,/markets/,internal_only,国家和地区推广方向评估
澳大利亚索赔引流,markets,/markets/,internal_only,国家和地区推广方向评估
澳大利亚索赔投放,markets,/markets/,internal_only,国家和地区推广方向评估
澳大利亚索赔推广,markets,/markets/,internal_only,国家和地区推广方向评估
澳大利亚索赔获客,markets,/markets/,internal_only,国家和地区推广方向评估
澳大利亚维权引流,markets,/markets/,internal_only,国家和地区推广方向评估
澳大利亚维权投放,markets,/markets/,internal_only,国家和地区推广方向评估
澳大利亚维权推广,markets,/markets/,internal_only,国家和地区推广方向评估
澳大利亚维权获客,markets,/markets/,internal_only,国家和地区推广方向评估
澳大利亚色粉引流,markets,/markets/,internal_only,国家和地区推广方向评估
澳大利亚色粉投放,markets,/markets/,internal_only,国家和地区推广方向评估
澳大利亚色粉推广,markets,/markets/,internal_only,国家和地区推广方向评估
澳大利亚色粉获客,markets,/markets/,internal_only,国家和地区推广方向评估
美国Slot引流,markets,/markets/,internal_only,国家和地区推广方向评估
美国Slot投放,markets,/markets/,internal_only,国家和地区推广方向评估
美国Slot推广,markets,/markets/,internal_only,国家和地区推广方向评估
美国Slot获客,markets,/markets/,internal_only,国家和地区推广方向评估
美国交友粉引流,markets,/markets/,internal_only,国家和地区推广方向评估
美国交友粉投放,markets,/markets/,internal_only,国家和地区推广方向评估
美国交友粉推广,markets,/markets/,internal_only,国家和地区推广方向评估
美国交友粉获客,markets,/markets/,internal_only,国家和地区推广方向评估
美国债务引流,markets,/markets/,internal_only,国家和地区推广方向评估
美国债务投放,markets,/markets/,internal_only,国家和地区推广方向评估
美国债务推广,markets,/markets/,internal_only,国家和地区推广方向评估
美国债务获客,markets,/markets/,internal_only,国家和地区推广方向评估
美国充值色粉引流,markets,/markets/,internal_only,国家和地区推广方向评估
美国充值色粉投放,markets,/markets/,internal_only,国家和地区推广方向评估
美国充值色粉推广,markets,/markets/,internal_only,国家和地区推广方向评估
美国充值色粉获客,markets,/markets/,internal_only,国家和地区推广方向评估
美国成人兴趣粉引流,markets,/markets/,internal_only,国家和地区推广方向评估
美国成人兴趣粉投放,markets,/markets/,internal_only,国家和地区推广方向评估
美国成人兴趣粉推广,markets,/markets/,internal_only,国家和地区推广方向评估
美国成人兴趣粉获客,markets,/markets/,internal_only,国家和地区推广方向评估
美国成人粉引流,markets,/markets/,internal_only,国家和地区推广方向评估
美国成人粉投放,markets,/markets/,internal_only,国家和地区推广方向评估
美国成人粉推广,markets,/markets/,internal_only,国家和地区推广方向评估
美国成人粉获客,markets,/markets/,internal_only,国家和地区推广方向评估
美国精准色粉引流,markets,/markets/,internal_only,国家和地区推广方向评估
美国精准色粉投放,markets,/markets/,internal_only,国家和地区推广方向评估
美国精准色粉推广,markets,/markets/,internal_only,国家和地区推广方向评估
美国精准色粉获客,markets,/markets/,internal_only,国家和地区推广方向评估
美国索赔引流,markets,/markets/,internal_only,国家和地区推广方向评估
美国索赔投放,markets,/markets/,internal_only,国家和地区推广方向评估
美国索赔推广,markets,/markets/,internal_only,国家和地区推广方向评估
美国索赔获客,markets,/markets/,internal_only,国家和地区推广方向评估
美国维权引流,markets,/markets/,internal_only,国家和地区推广方向评估
美国维权投放,markets,/markets/,internal_only,国家和地区推广方向评估
美国维权推广,markets,/markets/,internal_only,国家和地区推广方向评估
美国维权获客,markets,/markets/,internal_only,国家和地区推广方向评估
美国色粉引流,markets,/markets/,internal_only,国家和地区推广方向评估
美国色粉投放,markets,/markets/,internal_only,国家和地区推广方向评估
美国色粉推广,markets,/markets/,internal_only,国家和地区推广方向评估
美国色粉获客,markets,/markets/,internal_only,国家和地区推广方向评估
英国Slot引流,markets,/markets/,internal_only,国家和地区推广方向评估
英国Slot投放,markets,/markets/,internal_only,国家和地区推广方向评估
英国Slot推广,markets,/markets/,internal_only,国家和地区推广方向评估
英国Slot获客,markets,/markets/,internal_only,国家和地区推广方向评估
英国交友粉引流,markets,/markets/,internal_only,国家和地区推广方向评估
英国交友粉投放,markets,/markets/,internal_only,国家和地区推广方向评估
英国交友粉推广,markets,/markets/,internal_only,国家和地区推广方向评估
英国交友粉获客,markets,/markets/,internal_only,国家和地区推广方向评估
英国债务引流,markets,/markets/,internal_only,国家和地区推广方向评估
英国债务投放,markets,/markets/,internal_only,国家和地区推广方向评估
英国债务推广,markets,/markets/,internal_only,国家和地区推广方向评估
英国债务获客,markets,/markets/,internal_only,国家和地区推广方向评估
英国充值色粉引流,markets,/markets/,internal_only,国家和地区推广方向评估
英国充值色粉投放,markets,/markets/,internal_only,国家和地区推广方向评估
英国充值色粉推广,markets,/markets/,internal_only,国家和地区推广方向评估
英国充值色粉获客,markets,/markets/,internal_only,国家和地区推广方向评估
英国成人兴趣粉引流,markets,/markets/,internal_only,国家和地区推广方向评估
英国成人兴趣粉投放,markets,/markets/,internal_only,国家和地区推广方向评估
英国成人兴趣粉推广,markets,/markets/,internal_only,国家和地区推广方向评估
英国成人兴趣粉获客,markets,/markets/,internal_only,国家和地区推广方向评估
英国成人粉引流,markets,/markets/,internal_only,国家和地区推广方向评估
英国成人粉投放,markets,/markets/,internal_only,国家和地区推广方向评估
英国成人粉推广,markets,/markets/,internal_only,国家和地区推广方向评估
英国成人粉获客,markets,/markets/,internal_only,国家和地区推广方向评估
英国精准色粉引流,markets,/markets/,internal_only,国家和地区推广方向评估
英国精准色粉投放,markets,/markets/,internal_only,国家和地区推广方向评估
英国精准色粉推广,markets,/markets/,internal_only,国家和地区推广方向评估
英国精准色粉获客,markets,/markets/,internal_only,国家和地区推广方向评估
英国索赔引流,markets,/markets/,internal_only,国家和地区推广方向评估
英国索赔投放,markets,/markets/,internal_only,国家和地区推广方向评估
英国索赔推广,markets,/markets/,internal_only,国家和地区推广方向评估
英国索赔获客,markets,/markets/,internal_only,国家和地区推广方向评估
英国维权引流,markets,/markets/,internal_only,国家和地区推广方向评估
英国维权投放,markets,/markets/,internal_only,国家和地区推广方向评估
英国维权推广,markets,/markets/,internal_only,国家和地区推广方向评估
英国维权获客,markets,/markets/,internal_only,国家和地区推广方向评估
英国色粉引流,markets,/markets/,internal_only,国家和地区推广方向评估
英国色粉投放,markets,/markets/,internal_only,国家和地区推广方向评估
英国色粉推广,markets,/markets/,internal_only,国家和地区推广方向评估
英国色粉获客,markets,/markets/,internal_only,国家和地区推广方向评估
越南Slot引流,markets,/markets/,internal_only,国家和地区推广方向评估
越南Slot投放,markets,/markets/,internal_only,国家和地区推广方向评估
越南Slot推广,markets,/markets/,internal_only,国家和地区推广方向评估
越南Slot获客,markets,/markets/,internal_only,国家和地区推广方向评估
越南交友粉引流,markets,/markets/,internal_only,国家和地区推广方向评估
越南交友粉投放,markets,/markets/,internal_only,国家和地区推广方向评估
越南交友粉推广,markets,/markets/,internal_only,国家和地区推广方向评估
越南交友粉获客,markets,/markets/,internal_only,国家和地区推广方向评估
越南债务引流,markets,/markets/,internal_only,国家和地区推广方向评估
越南债务投放,markets,/markets/,internal_only,国家和地区推广方向评估
越南债务推广,markets,/markets/,internal_only,国家和地区推广方向评估
越南债务获客,markets,/markets/,internal_only,国家和地区推广方向评估
越南充值色粉引流,markets,/markets/,internal_only,国家和地区推广方向评估
越南充值色粉投放,markets,/markets/,internal_only,国家和地区推广方向评估
越南充值色粉推广,markets,/markets/,internal_only,国家和地区推广方向评估
越南充值色粉获客,markets,/markets/,internal_only,国家和地区推广方向评估
越南成人兴趣粉引流,markets,/markets/,internal_only,国家和地区推广方向评估
越南成人兴趣粉投放,markets,/markets/,internal_only,国家和地区推广方向评估
越南成人兴趣粉推广,markets,/markets/,internal_only,国家和地区推广方向评估
越南成人兴趣粉获客,markets,/markets/,internal_only,国家和地区推广方向评估
越南成人粉引流,markets,/markets/,internal_only,国家和地区推广方向评估
越南成人粉投放,markets,/markets/,internal_only,国家和地区推广方向评估
越南成人粉推广,markets,/markets/,internal_only,国家和地区推广方向评估
越南成人粉获客,markets,/markets/,internal_only,国家和地区推广方向评估
越南精准色粉引流,markets,/markets/,internal_only,国家和地区推广方向评估
越南精准色粉投放,markets,/markets/,internal_only,国家和地区推广方向评估
越南精准色粉推广,markets,/markets/,internal_only,国家和地区推广方向评估
越南精准色粉获客,markets,/markets/,internal_only,国家和地区推广方向评估
越南索赔引流,markets,/markets/,internal_only,国家和地区推广方向评估
越南索赔投放,markets,/markets/,internal_only,国家和地区推广方向评估
越南索赔推广,markets,/markets/,internal_only,国家和地区推广方向评估
越南索赔获客,markets,/markets/,internal_only,国家和地区推广方向评估
越南维权引流,markets,/markets/,internal_only,国家和地区推广方向评估
越南维权投放,markets,/markets/,internal_only,国家和地区推广方向评估
越南维权推广,markets,/markets/,internal_only,国家和地区推广方向评估
越南维权获客,markets,/markets/,internal_only,国家和地区推广方向评估
越南色粉引流,markets,/markets/,internal_only,国家和地区推广方向评估
越南色粉投放,markets,/markets/,internal_only,国家和地区推广方向评估
越南色粉推广,markets,/markets/,internal_only,国家和地区推广方向评估
越南色粉获客,markets,/markets/,internal_only,国家和地区推广方向评估
韩国Slot引流,markets,/markets/,internal_only,国家和地区推广方向评估
韩国Slot投放,markets,/markets/,internal_only,国家和地区推广方向评估
韩国Slot推广,markets,/markets/,internal_only,国家和地区推广方向评估
韩国Slot获客,markets,/markets/,internal_only,国家和地区推广方向评估
韩国交友粉引流,markets,/markets/,internal_only,国家和地区推广方向评估
韩国交友粉投放,markets,/markets/,internal_only,国家和地区推广方向评估
韩国交友粉推广,markets,/markets/,internal_only,国家和地区推广方向评估
韩国交友粉获客,markets,/markets/,internal_only,国家和地区推广方向评估
韩国债务引流,markets,/markets/,internal_only,国家和地区推广方向评估
韩国债务投放,markets,/markets/,internal_only,国家和地区推广方向评估
韩国债务推广,markets,/markets/,internal_only,国家和地区推广方向评估
韩国债务获客,markets,/markets/,internal_only,国家和地区推广方向评估
韩国充值色粉引流,markets,/markets/,internal_only,国家和地区推广方向评估
韩国充值色粉投放,markets,/markets/,internal_only,国家和地区推广方向评估
韩国充值色粉推广,markets,/markets/,internal_only,国家和地区推广方向评估
韩国充值色粉获客,markets,/markets/,internal_only,国家和地区推广方向评估
韩国成人兴趣粉引流,markets,/markets/,internal_only,国家和地区推广方向评估
韩国成人兴趣粉投放,markets,/markets/,internal_only,国家和地区推广方向评估
韩国成人兴趣粉推广,markets,/markets/,internal_only,国家和地区推广方向评估
韩国成人兴趣粉获客,markets,/markets/,internal_only,国家和地区推广方向评估
韩国成人粉引流,markets,/markets/,internal_only,国家和地区推广方向评估
韩国成人粉投放,markets,/markets/,internal_only,国家和地区推广方向评估
韩国成人粉推广,markets,/markets/,internal_only,国家和地区推广方向评估
韩国成人粉获客,markets,/markets/,internal_only,国家和地区推广方向评估
韩国精准色粉引流,markets,/markets/,internal_only,国家和地区推广方向评估
韩国精准色粉投放,markets,/markets/,internal_only,国家和地区推广方向评估
韩国精准色粉推广,markets,/markets/,internal_only,国家和地区推广方向评估
韩国精准色粉获客,markets,/markets/,internal_only,国家和地区推广方向评估
韩国索赔引流,markets,/markets/,internal_only,国家和地区推广方向评估
韩国索赔投放,markets,/markets/,internal_only,国家和地区推广方向评估
韩国索赔推广,markets,/markets/,internal_only,国家和地区推广方向评估
韩国索赔获客,markets,/markets/,internal_only,国家和地区推广方向评估
韩国维权引流,markets,/markets/,internal_only,国家和地区推广方向评估
韩国维权投放,markets,/markets/,internal_only,国家和地区推广方向评估
韩国维权推广,markets,/markets/,internal_only,国家和地区推广方向评估
韩国维权获客,markets,/markets/,internal_only,国家和地区推广方向评估
韩国色粉引流,markets,/markets/,internal_only,国家和地区推广方向评估
韩国色粉投放,markets,/markets/,internal_only,国家和地区推广方向评估
韩国色粉推广,markets,/markets/,internal_only,国家和地区推广方向评估
韩国色粉获客,markets,/markets/,internal_only,国家和地区推广方向评估
马来西亚Slot引流,markets,/markets/,internal_only,国家和地区推广方向评估
马来西亚Slot投放,markets,/markets/,internal_only,国家和地区推广方向评估
马来西亚Slot推广,markets,/markets/,internal_only,国家和地区推广方向评估
马来西亚Slot获客,markets,/markets/,internal_only,国家和地区推广方向评估
马来西亚交友粉引流,markets,/markets/,internal_only,国家和地区推广方向评估
马来西亚交友粉投放,markets,/markets/,internal_only,国家和地区推广方向评估
马来西亚交友粉推广,markets,/markets/,internal_only,国家和地区推广方向评估
马来西亚交友粉获客,markets,/markets/,internal_only,国家和地区推广方向评估
马来西亚债务引流,markets,/markets/,internal_only,国家和地区推广方向评估
马来西亚债务投放,markets,/markets/,internal_only,国家和地区推广方向评估
马来西亚债务推广,markets,/markets/,internal_only,国家和地区推广方向评估
马来西亚债务获客,markets,/markets/,internal_only,国家和地区推广方向评估
马来西亚充值色粉引流,markets,/markets/,internal_only,国家和地区推广方向评估
马来西亚充值色粉投放,markets,/markets/,internal_only,国家和地区推广方向评估
马来西亚充值色粉推广,markets,/markets/,internal_only,国家和地区推广方向评估
马来西亚充值色粉获客,markets,/markets/,internal_only,国家和地区推广方向评估
马来西亚成人兴趣粉引流,markets,/markets/,internal_only,国家和地区推广方向评估
马来西亚成人兴趣粉投放,markets,/markets/,internal_only,国家和地区推广方向评估
马来西亚成人兴趣粉推广,markets,/markets/,internal_only,国家和地区推广方向评估
马来西亚成人兴趣粉获客,markets,/markets/,internal_only,国家和地区推广方向评估
马来西亚成人粉引流,markets,/markets/,internal_only,国家和地区推广方向评估
马来西亚成人粉投放,markets,/markets/,internal_only,国家和地区推广方向评估
马来西亚成人粉推广,markets,/markets/,internal_only,国家和地区推广方向评估
马来西亚成人粉获客,markets,/markets/,internal_only,国家和地区推广方向评估
马来西亚精准色粉引流,markets,/markets/,internal_only,国家和地区推广方向评估
马来西亚精准色粉投放,markets,/markets/,internal_only,国家和地区推广方向评估
马来西亚精准色粉推广,markets,/markets/,internal_only,国家和地区推广方向评估
马来西亚精准色粉获客,markets,/markets/,internal_only,国家和地区推广方向评估
马来西亚索赔引流,markets,/markets/,internal_only,国家和地区推广方向评估
马来西亚索赔投放,markets,/markets/,internal_only,国家和地区推广方向评估
马来西亚索赔推广,markets,/markets/,internal_only,国家和地区推广方向评估
马来西亚索赔获客,markets,/markets/,internal_only,国家和地区推广方向评估
马来西亚维权引流,markets,/markets/,internal_only,国家和地区推广方向评估
马来西亚维权投放,markets,/markets/,internal_only,国家和地区推广方向评估
马来西亚维权推广,markets,/markets/,internal_only,国家和地区推广方向评估
马来西亚维权获客,markets,/markets/,internal_only,国家和地区推广方向评估
马来西亚色粉引流,markets,/markets/,internal_only,国家和地区推广方向评估
马来西亚色粉投放,markets,/markets/,internal_only,国家和地区推广方向评估
马来西亚色粉推广,markets,/markets/,internal_only,国家和地区推广方向评估
马来西亚色粉获客,markets,/markets/,internal_only,国家和地区推广方向评估
中东买量投流,markets,/markets/,public_secondary,国家和地区推广方向评估
中东引流获客,markets,/markets/,public_secondary,国家和地区推广方向评估
俄罗斯买量投流,markets,/markets/,public_secondary,国家和地区推广方向评估
俄罗斯引流获客,markets,/markets/,public_secondary,国家和地区推广方向评估
加拿大买量投流,markets,/markets/,public_secondary,国家和地区推广方向评估
加拿大引流获客,markets,/markets/,public_secondary,国家和地区推广方向评估
印度买量投流,markets,/markets/,public_secondary,国家和地区推广方向评估
印度引流获客,markets,/markets/,public_secondary,国家和地区推广方向评估
台湾买量投流,markets,/markets/,public_secondary,国家和地区推广方向评估
台湾引流获客,markets,/markets/,public_secondary,国家和地区推广方向评估
巴西买量投流,markets,/markets/,public_secondary,国家和地区推广方向评估
巴西引流获客,markets,/markets/,public_secondary,国家和地区推广方向评估
新加坡买量投流,markets,/markets/,public_secondary,国家和地区推广方向评估
新加坡引流获客,markets,/markets/,public_secondary,国家和地区推广方向评估
日本买量投流,markets,/markets/,public_secondary,国家和地区推广方向评估
日本引流获客,markets,/markets/,public_secondary,国家和地区推广方向评估
欧洲买量投流,markets,/markets/,public_secondary,国家和地区推广方向评估
欧洲引流获客,markets,/markets/,public_secondary,国家和地区推广方向评估
泰国买量投流,markets,/markets/,public_secondary,国家和地区推广方向评估
泰国引流获客,markets,/markets/,public_secondary,国家和地区推广方向评估
澳大利亚买量投流,markets,/markets/,public_secondary,国家和地区推广方向评估
澳大利亚引流获客,markets,/markets/,public_secondary,国家和地区推广方向评估
美国买量投流,markets,/markets/,public_secondary,国家和地区推广方向评估
美国引流获客,markets,/markets/,public_secondary,国家和地区推广方向评估
英国买量投流,markets,/markets/,public_secondary,国家和地区推广方向评估
英国引流获客,markets,/markets/,public_secondary,国家和地区推广方向评估
越南买量投流,markets,/markets/,public_secondary,国家和地区推广方向评估
越南引流获客,markets,/markets/,public_secondary,国家和地区推广方向评估
韩国买量投流,markets,/markets/,public_secondary,国家和地区推广方向评估
韩国引流获客,markets,/markets/,public_secondary,国家和地区推广方向评估
马来西亚买量投流,markets,/markets/,public_secondary,国家和地区推广方向评估
马来西亚引流获客,markets,/markets/,public_secondary,国家和地区推广方向评估
兼职价格,media-buying,/services/media-buying/,future_blog,long_tail_question
兼职哪家好,media-buying,/services/media-buying/,future_blog,long_tail_question
兼职多少钱,media-buying,/services/media-buying/,future_blog,long_tail_question
兼职平台,media-buying,/services/media-buying/,future_blog,long_tail_question
兼职怎么做,media-buying,/services/media-buying/,future_blog,long_tail_question
兼职怎么找,media-buying,/services/media-buying/,future_blog,long_tail_question
兼职怎么投,media-buying,/services/media-buying/,future_blog,long_tail_question
兼职怎么收费,media-buying,/services/media-buying/,future_blog,long_tail_question
兼职报价,media-buying,/services/media-buying/,future_blog,long_tail_question
兼职渠道,media-buying,/services/media-buying/,future_blog,long_tail_question
兼职费用,media-buying,/services/media-buying/,future_blog,long_tail_question
兼职靠谱吗,media-buying,/services/media-buying/,future_blog,long_tail_question
网赚价格,media-buying,/services/media-buying/,future_blog,long_tail_question
网赚哪家好,media-buying,/services/media-buying/,future_blog,long_tail_question
网赚多少钱,media-buying,/services/media-buying/,future_blog,long_tail_question
网赚平台,media-buying,/services/media-buying/,future_blog,long_tail_question
网赚怎么做,media-buying,/services/media-buying/,future_blog,long_tail_question
网赚怎么找,media-buying,/services/media-buying/,future_blog,long_tail_question
网赚怎么投,media-buying,/services/media-buying/,future_blog,long_tail_question
网赚怎么收费,media-buying,/services/media-buying/,future_blog,long_tail_question
网赚报价,media-buying,/services/media-buying/,future_blog,long_tail_question
网赚渠道,media-buying,/services/media-buying/,future_blog,long_tail_question
网赚费用,media-buying,/services/media-buying/,future_blog,long_tail_question
网赚靠谱吗,media-buying,/services/media-buying/,future_blog,long_tail_question
FBSlot买量,media-buying,/services/media-buying/,internal_only,买量、投流、预算测试
FB交友粉买量,media-buying,/services/media-buying/,internal_only,买量、投流、预算测试
FB债务买量,media-buying,/services/media-buying/,internal_only,买量、投流、预算测试
FB充值色粉买量,media-buying,/services/media-buying/,internal_only,买量、投流、预算测试
FB成人兴趣粉买量,media-buying,/services/media-buying/,internal_only,买量、投流、预算测试
FB成人粉买量,media-buying,/services/media-buying/,internal_only,买量、投流、预算测试
FB精准色粉买量,media-buying,/services/media-buying/,internal_only,买量、投流、预算测试
FB索赔买量,media-buying,/services/media-buying/,internal_only,买量、投流、预算测试
FB维权买量,media-buying,/services/media-buying/,internal_only,买量、投流、预算测试
FB色粉买量,media-buying,/services/media-buying/,internal_only,买量、投流、预算测试
Slot买量,media-buying,/services/media-buying/,internal_only,买量、投流、预算测试
Slot代投,media-buying,/services/media-buying/,internal_only,买量、投流、预算测试
Slot投流,media-buying,/services/media-buying/,internal_only,买量、投流、预算测试
TKSlot买量,media-buying,/services/media-buying/,internal_only,买量、投流、预算测试
TK交友粉买量,media-buying,/services/media-buying/,internal_only,买量、投流、预算测试
TK债务买量,media-buying,/services/media-buying/,internal_only,买量、投流、预算测试
TK充值色粉买量,media-buying,/services/media-buying/,internal_only,买量、投流、预算测试
TK成人兴趣粉买量,media-buying,/services/media-buying/,internal_only,买量、投流、预算测试
TK成人粉买量,media-buying,/services/media-buying/,internal_only,买量、投流、预算测试
TK精准色粉买量,media-buying,/services/media-buying/,internal_only,买量、投流、预算测试
TK索赔买量,media-buying,/services/media-buying/,internal_only,买量、投流、预算测试
TK维权买量,media-buying,/services/media-buying/,internal_only,买量、投流、预算测试
TK色粉买量,media-buying,/services/media-buying/,internal_only,买量、投流、预算测试
交友粉买量,media-buying,/services/media-buying/,internal_only,买量、投流、预算测试
交友粉代投,media-buying,/services/media-buying/,internal_only,买量、投流、预算测试
交友粉投流,media-buying,/services/media-buying/,internal_only,买量、投流、预算测试
债务买量,media-buying,/services/media-buying/,internal_only,买量、投流、预算测试
债务代投,media-buying,/services/media-buying/,internal_only,买量、投流、预算测试
债务投流,media-buying,/services/media-buying/,internal_only,买量、投流、预算测试
充值色粉买量,media-buying,/services/media-buying/,internal_only,买量、投流、预算测试
充值色粉代投,media-buying,/services/media-buying/,internal_only,买量、投流、预算测试
充值色粉投流,media-buying,/services/media-buying/,internal_only,买量、投流、预算测试
成人兴趣粉买量,media-buying,/services/media-buying/,internal_only,买量、投流、预算测试
成人兴趣粉代投,media-buying,/services/media-buying/,internal_only,买量、投流、预算测试
成人兴趣粉投流,media-buying,/services/media-buying/,internal_only,买量、投流、预算测试
成人粉买量,media-buying,/services/media-buying/,internal_only,买量、投流、预算测试
成人粉代投,media-buying,/services/media-buying/,internal_only,买量、投流、预算测试
成人粉投流,media-buying,/services/media-buying/,internal_only,买量、投流、预算测试
精准色粉买量,media-buying,/services/media-buying/,internal_only,买量、投流、预算测试
精准色粉代投,media-buying,/services/media-buying/,internal_only,买量、投流、预算测试
精准色粉投流,media-buying,/services/media-buying/,internal_only,买量、投流、预算测试
索赔买量,media-buying,/services/media-buying/,internal_only,买量、投流、预算测试
索赔代投,media-buying,/services/media-buying/,internal_only,买量、投流、预算测试
索赔投流,media-buying,/services/media-buying/,internal_only,买量、投流、预算测试
维权买量,media-buying,/services/media-buying/,internal_only,买量、投流、预算测试
维权代投,media-buying,/services/media-buying/,internal_only,买量、投流、预算测试
维权投流,media-buying,/services/media-buying/,internal_only,买量、投流、预算测试
色粉买量,media-buying,/services/media-buying/,internal_only,买量、投流、预算测试
色粉代投,media-buying,/services/media-buying/,internal_only,买量、投流、预算测试
色粉投流,media-buying,/services/media-buying/,internal_only,买量、投流、预算测试
谷歌Slot买量,media-buying,/services/media-buying/,internal_only,买量、投流、预算测试
谷歌交友私聊买量,media-buying,/services/media-buying/,internal_only,买量、投流、预算测试
谷歌交友粉买量,media-buying,/services/media-buying/,internal_only,买量、投流、预算测试
谷歌交友聊天买量,media-buying,/services/media-buying/,internal_only,买量、投流、预算测试
谷歌债务买量,media-buying,/services/media-buying/,internal_only,买量、投流、预算测试
谷歌充值色粉买量,media-buying,/services/media-buying/,internal_only,买量、投流、预算测试
谷歌成人兴趣粉买量,media-buying,/services/media-buying/,internal_only,买量、投流、预算测试
谷歌成人粉买量,media-buying,/services/media-buying/,internal_only,买量、投流、预算测试
谷歌精准色粉买量,media-buying,/services/media-buying/,internal_only,买量、投流、预算测试
谷歌索赔买量,media-buying,/services/media-buying/,internal_only,买量、投流、预算测试
谷歌维权买量,media-buying,/services/media-buying/,internal_only,买量、投流、预算测试
谷歌色粉买量,media-buying,/services/media-buying/,internal_only,买量、投流、预算测试
投流,media-buying,/services/media-buying/,public_primary,买量、投流、预算测试
拉新买量,media-buying,/services/media-buying/,public_primary,买量、投流、预算测试
FB买量,media-buying,/services/media-buying/,public_secondary,买量、投流、预算测试
FB交友引流买量,media-buying,/services/media-buying/,public_secondary,买量、投流、预算测试
FB交友引流投放,media-buying,/services/media-buying/,public_secondary,买量、投流、预算测试
FB代投,media-buying,/services/media-buying/,public_secondary,买量、投流、预算测试
FB兼职买量,media-buying,/services/media-buying/,public_secondary,买量、投流、预算测试
FB兼职投放,media-buying,/services/media-buying/,public_secondary,买量、投流、预算测试
FB投流,media-buying,/services/media-buying/,public_secondary,买量、投流、预算测试
FB拉新,media-buying,/services/media-buying/,public_secondary,买量、投流、预算测试
FB游戏买量,media-buying,/services/media-buying/,public_secondary,买量、投流、预算测试
FB网赚买量,media-buying,/services/media-buying/,public_secondary,买量、投流、预算测试
FB网赚投放,media-buying,/services/media-buying/,public_secondary,买量、投流、预算测试
TK买量,media-buying,/services/media-buying/,public_secondary,买量、投流、预算测试
TK交友引流买量,media-buying,/services/media-buying/,public_secondary,买量、投流、预算测试
TK代投,media-buying,/services/media-buying/,public_secondary,买量、投流、预算测试
TK兼职买量,media-buying,/services/media-buying/,public_secondary,买量、投流、预算测试
TK投流,media-buying,/services/media-buying/,public_secondary,买量、投流、预算测试
TK拉新,media-buying,/services/media-buying/,public_secondary,买量、投流、预算测试
TK游戏买量,media-buying,/services/media-buying/,public_secondary,买量、投流、预算测试
TK移民买量,media-buying,/services/media-buying/,public_secondary,买量、投流、预算测试
TK网赚买量,media-buying,/services/media-buying/,public_secondary,买量、投流、预算测试
买量,media-buying,/services/media-buying/,public_secondary,买量、投流、预算测试
交友引流买量,media-buying,/services/media-buying/,public_secondary,买量、投流、预算测试
交友引流代投,media-buying,/services/media-buying/,public_secondary,买量、投流、预算测试
交友引流投流,media-buying,/services/media-buying/,public_secondary,买量、投流、预算测试
兼职买量,media-buying,/services/media-buying/,public_secondary,买量、投流、预算测试
兼职代投,media-buying,/services/media-buying/,public_secondary,买量、投流、预算测试
兼职代运营,media-buying,/services/media-buying/,public_secondary,买量、投流、预算测试
兼职信息流投放,media-buying,/services/media-buying/,public_secondary,买量、投流、预算测试
兼职广告代投,media-buying,/services/media-buying/,public_secondary,买量、投流、预算测试
兼职广告投放,media-buying,/services/media-buying/,public_secondary,买量、投流、预算测试
兼职投流,media-buying,/services/media-buying/,public_secondary,买量、投流、预算测试
兼职拉新,media-buying,/services/media-buying/,public_secondary,买量、投流、预算测试
兼职推广代运营,media-buying,/services/media-buying/,public_secondary,买量、投流、预算测试
兼职推广引流,media-buying,/services/media-buying/,public_secondary,买量、投流、预算测试
兼职搜索广告投放,media-buying,/services/media-buying/,public_secondary,买量、投流、预算测试
兼职精准引流,media-buying,/services/media-buying/,public_secondary,买量、投流、预算测试
兼职精准获客,media-buying,/services/media-buying/,public_secondary,买量、投流、预算测试
游戏买量,media-buying,/services/media-buying/,public_secondary,买量、投流、预算测试
游戏代投,media-buying,/services/media-buying/,public_secondary,买量、投流、预算测试
游戏投流,media-buying,/services/media-buying/,public_secondary,买量、投流、预算测试
网赚买量,media-buying,/services/media-buying/,public_secondary,买量、投流、预算测试
网赚代投,media-buying,/services/media-buying/,public_secondary,买量、投流、预算测试
网赚代运营,media-buying,/services/media-buying/,public_secondary,买量、投流、预算测试
网赚信息流投放,media-buying,/services/media-buying/,public_secondary,买量、投流、预算测试
网赚广告代投,media-buying,/services/media-buying/,public_secondary,买量、投流、预算测试
网赚广告投放,media-buying,/services/media-buying/,public_secondary,买量、投流、预算测试
网赚投流,media-buying,/services/media-buying/,public_secondary,买量、投流、预算测试
网赚拉新,media-buying,/services/media-buying/,public_secondary,买量、投流、预算测试
网赚推广代运营,media-buying,/services/media-buying/,public_secondary,买量、投流、预算测试
网赚推广引流,media-buying,/services/media-buying/,public_secondary,买量、投流、预算测试
网赚搜索广告投放,media-buying,/services/media-buying/,public_secondary,买量、投流、预算测试
网赚精准引流,media-buying,/services/media-buying/,public_secondary,买量、投流、预算测试
网赚精准获客,media-buying,/services/media-buying/,public_secondary,买量、投流、预算测试
谷歌买量,media-buying,/services/media-buying/,public_secondary,买量、投流、预算测试
谷歌交友App注册买量,media-buying,/services/media-buying/,public_secondary,买量、投流、预算测试
谷歌交友引流,media-buying,/services/media-buying/,public_secondary,买量、投流、预算测试
谷歌交友引流买量,media-buying,/services/media-buying/,public_secondary,买量、投流、预算测试
谷歌交友引流投放,media-buying,/services/media-buying/,public_secondary,买量、投流、预算测试
谷歌交友引流推广,media-buying,/services/media-buying/,public_secondary,买量、投流、预算测试
谷歌交友引流获客,media-buying,/services/media-buying/,public_secondary,买量、投流、预算测试
谷歌代投,media-buying,/services/media-buying/,public_secondary,买量、投流、预算测试
谷歌兼职买量,media-buying,/services/media-buying/,public_secondary,买量、投流、预算测试
谷歌兼职投放,media-buying,/services/media-buying/,public_secondary,买量、投流、预算测试
谷歌投流,media-buying,/services/media-buying/,public_secondary,买量、投流、预算测试
谷歌拉新,media-buying,/services/media-buying/,public_secondary,买量、投流、预算测试
谷歌游戏买量,media-buying,/services/media-buying/,public_secondary,买量、投流、预算测试
谷歌真人交友买量,media-buying,/services/media-buying/,public_secondary,买量、投流、预算测试
谷歌网赚买量,media-buying,/services/media-buying/,public_secondary,买量、投流、预算测试
谷歌网赚投放,media-buying,/services/media-buying/,public_secondary,买量、投流、预算测试
兼职获客,online-work-leads,/topics/online-work-leads/,public_primary,在线项目和兼职线索
网赚推广,online-work-leads,/topics/online-work-leads/,public_primary,在线项目和兼职线索
FB兼职引流,online-work-leads,/topics/online-work-leads/,public_secondary,在线项目和兼职线索
FB兼职推广,online-work-leads,/topics/online-work-leads/,public_secondary,在线项目和兼职线索
FB兼职获客,online-work-leads,/topics/online-work-leads/,public_secondary,在线项目和兼职线索
FB网赚引流,online-work-leads,/topics/online-work-leads/,public_secondary,在线项目和兼职线索
FB网赚推广,online-work-leads,/topics/online-work-leads/,public_secondary,在线项目和兼职线索
FB网赚获客,online-work-leads,/topics/online-work-leads/,public_secondary,在线项目和兼职线索
TK兼职获客,online-work-leads,/topics/online-work-leads/,public_secondary,在线项目和兼职线索
TK网赚获客,online-work-leads,/topics/online-work-leads/,public_secondary,在线项目和兼职线索
中东兼职获客,online-work-leads,/topics/online-work-leads/,public_secondary,在线项目和兼职线索
中东网赚获客,online-work-leads,/topics/online-work-leads/,public_secondary,在线项目和兼职线索
俄罗斯兼职获客,online-work-leads,/topics/online-work-leads/,public_secondary,在线项目和兼职线索
俄罗斯网赚获客,online-work-leads,/topics/online-work-leads/,public_secondary,在线项目和兼职线索
加拿大兼职获客,online-work-leads,/topics/online-work-leads/,public_secondary,在线项目和兼职线索
加拿大网赚获客,online-work-leads,/topics/online-work-leads/,public_secondary,在线项目和兼职线索
印度兼职获客,online-work-leads,/topics/online-work-leads/,public_secondary,在线项目和兼职线索
印度网赚获客,online-work-leads,/topics/online-work-leads/,public_secondary,在线项目和兼职线索
台湾兼职获客,online-work-leads,/topics/online-work-leads/,public_secondary,在线项目和兼职线索
台湾网赚获客,online-work-leads,/topics/online-work-leads/,public_secondary,在线项目和兼职线索
巴西兼职获客,online-work-leads,/topics/online-work-leads/,public_secondary,在线项目和兼职线索
巴西网赚获客,online-work-leads,/topics/online-work-leads/,public_secondary,在线项目和兼职线索
新加坡兼职获客,online-work-leads,/topics/online-work-leads/,public_secondary,在线项目和兼职线索
新加坡网赚获客,online-work-leads,/topics/online-work-leads/,public_secondary,在线项目和兼职线索
日本兼职获客,online-work-leads,/topics/online-work-leads/,public_secondary,在线项目和兼职线索
日本网赚获客,online-work-leads,/topics/online-work-leads/,public_secondary,在线项目和兼职线索
欧洲兼职获客,online-work-leads,/topics/online-work-leads/,public_secondary,在线项目和兼职线索
欧洲网赚获客,online-work-leads,/topics/online-work-leads/,public_secondary,在线项目和兼职线索
泰国兼职获客,online-work-leads,/topics/online-work-leads/,public_secondary,在线项目和兼职线索
泰国网赚获客,online-work-leads,/topics/online-work-leads/,public_secondary,在线项目和兼职线索
澳大利亚兼职获客,online-work-leads,/topics/online-work-leads/,public_secondary,在线项目和兼职线索
澳大利亚网赚获客,online-work-leads,/topics/online-work-leads/,public_secondary,在线项目和兼职线索
网赚获客,online-work-leads,/topics/online-work-leads/,public_secondary,在线项目和兼职线索
美国兼职获客,online-work-leads,/topics/online-work-leads/,public_secondary,在线项目和兼职线索
美国网赚获客,online-work-leads,/topics/online-work-leads/,public_secondary,在线项目和兼职线索
英国兼职获客,online-work-leads,/topics/online-work-leads/,public_secondary,在线项目和兼职线索
英国网赚获客,online-work-leads,/topics/online-work-leads/,public_secondary,在线项目和兼职线索
谷歌兼职引流,online-work-leads,/topics/online-work-leads/,public_secondary,在线项目和兼职线索
谷歌兼职推广,online-work-leads,/topics/online-work-leads/,public_secondary,在线项目和兼职线索
谷歌兼职获客,online-work-leads,/topics/online-work-leads/,public_secondary,在线项目和兼职线索
谷歌网赚引流,online-work-leads,/topics/online-work-leads/,public_secondary,在线项目和兼职线索
谷歌网赚推广,online-work-leads,/topics/online-work-leads/,public_secondary,在线项目和兼职线索
谷歌网赚获客,online-work-leads,/topics/online-work-leads/,public_secondary,在线项目和兼职线索
越南兼职获客,online-work-leads,/topics/online-work-leads/,public_secondary,在线项目和兼职线索
越南网赚获客,online-work-leads,/topics/online-work-leads/,public_secondary,在线项目和兼职线索
韩国兼职获客,online-work-leads,/topics/online-work-leads/,public_secondary,在线项目和兼职线索
韩国网赚获客,online-work-leads,/topics/online-work-leads/,public_secondary,在线项目和兼职线索
马来西亚兼职获客,online-work-leads,/topics/online-work-leads/,public_secondary,在线项目和兼职线索
马来西亚网赚获客,online-work-leads,/topics/online-work-leads/,public_secondary,在线项目和兼职线索
FBSlot推广,overseas-promotion,/services/overseas-promotion/,internal_only,海外推广、市场方向和渠道组合
FB交友粉推广,overseas-promotion,/services/overseas-promotion/,internal_only,海外推广、市场方向和渠道组合
FB债务推广,overseas-promotion,/services/overseas-promotion/,internal_only,海外推广、市场方向和渠道组合
FB充值色粉推广,overseas-promotion,/services/overseas-promotion/,internal_only,海外推广、市场方向和渠道组合
FB成人兴趣粉推广,overseas-promotion,/services/overseas-promotion/,internal_only,海外推广、市场方向和渠道组合
FB成人粉推广,overseas-promotion,/services/overseas-promotion/,internal_only,海外推广、市场方向和渠道组合
FB精准色粉推广,overseas-promotion,/services/overseas-promotion/,internal_only,海外推广、市场方向和渠道组合
FB索赔推广,overseas-promotion,/services/overseas-promotion/,internal_only,海外推广、市场方向和渠道组合
FB维权推广,overseas-promotion,/services/overseas-promotion/,internal_only,海外推广、市场方向和渠道组合
FB色粉推广,overseas-promotion,/services/overseas-promotion/,internal_only,海外推广、市场方向和渠道组合
Slot推广,overseas-promotion,/services/overseas-promotion/,internal_only,海外推广、市场方向和渠道组合
TKSlot推广,overseas-promotion,/services/overseas-promotion/,internal_only,海外推广、市场方向和渠道组合
TK交友粉推广,overseas-promotion,/services/overseas-promotion/,internal_only,海外推广、市场方向和渠道组合
TK债务推广,overseas-promotion,/services/overseas-promotion/,internal_only,海外推广、市场方向和渠道组合
TK充值色粉推广,overseas-promotion,/services/overseas-promotion/,internal_only,海外推广、市场方向和渠道组合
TK成人兴趣粉推广,overseas-promotion,/services/overseas-promotion/,internal_only,海外推广、市场方向和渠道组合
TK成人粉推广,overseas-promotion,/services/overseas-promotion/,internal_only,海外推广、市场方向和渠道组合
TK精准色粉推广,overseas-promotion,/services/overseas-promotion/,internal_only,海外推广、市场方向和渠道组合
TK索赔推广,overseas-promotion,/services/overseas-promotion/,internal_only,海外推广、市场方向和渠道组合
TK维权推广,overseas-promotion,/services/overseas-promotion/,internal_only,海外推广、市场方向和渠道组合
TK色粉推广,overseas-promotion,/services/overseas-promotion/,internal_only,海外推广、市场方向和渠道组合
交友粉推广,overseas-promotion,/services/overseas-promotion/,internal_only,海外推广、市场方向和渠道组合
债务推广,overseas-promotion,/services/overseas-promotion/,internal_only,海外推广、市场方向和渠道组合
充值色粉推广,overseas-promotion,/services/overseas-promotion/,internal_only,海外推广、市场方向和渠道组合
成人兴趣粉推广,overseas-promotion,/services/overseas-promotion/,internal_only,海外推广、市场方向和渠道组合
成人粉推广,overseas-promotion,/services/overseas-promotion/,internal_only,海外推广、市场方向和渠道组合
精准色粉推广,overseas-promotion,/services/overseas-promotion/,internal_only,海外推广、市场方向和渠道组合
索赔推广,overseas-promotion,/services/overseas-promotion/,internal_only,海外推广、市场方向和渠道组合
维权推广,overseas-promotion,/services/overseas-promotion/,internal_only,海外推广、市场方向和渠道组合
色粉推广,overseas-promotion,/services/overseas-promotion/,internal_only,海外推广、市场方向和渠道组合
谷歌Slot推广,overseas-promotion,/services/overseas-promotion/,internal_only,海外推广、市场方向和渠道组合
谷歌交友粉推广,overseas-promotion,/services/overseas-promotion/,internal_only,海外推广、市场方向和渠道组合
谷歌债务推广,overseas-promotion,/services/overseas-promotion/,internal_only,海外推广、市场方向和渠道组合
谷歌充值色粉推广,overseas-promotion,/services/overseas-promotion/,internal_only,海外推广、市场方向和渠道组合
谷歌成人兴趣粉推广,overseas-promotion,/services/overseas-promotion/,internal_only,海外推广、市场方向和渠道组合
谷歌成人粉推广,overseas-promotion,/services/overseas-promotion/,internal_only,海外推广、市场方向和渠道组合
谷歌精准色粉推广,overseas-promotion,/services/overseas-promotion/,internal_only,海外推广、市场方向和渠道组合
谷歌索赔推广,overseas-promotion,/services/overseas-promotion/,internal_only,海外推广、市场方向和渠道组合
谷歌维权推广,overseas-promotion,/services/overseas-promotion/,internal_only,海外推广、市场方向和渠道组合
谷歌色粉推广,overseas-promotion,/services/overseas-promotion/,internal_only,海外推广、市场方向和渠道组合
出海项目推广,overseas-promotion,/services/overseas-promotion/,public_primary,海外推广、市场方向和渠道组合
海外推广,overseas-promotion,/services/overseas-promotion/,public_primary,海外推广、市场方向和渠道组合
海外流量推广,overseas-promotion,/services/overseas-promotion/,public_primary,海外推广、市场方向和渠道组合
FB代运营,overseas-promotion,/services/overseas-promotion/,public_secondary,海外推广、市场方向和渠道组合
FB推广代运营,overseas-promotion,/services/overseas-promotion/,public_secondary,海外推广、市场方向和渠道组合
FB推广引流,overseas-promotion,/services/overseas-promotion/,public_secondary,海外推广、市场方向和渠道组合
FB精准引流,overseas-promotion,/services/overseas-promotion/,public_secondary,海外推广、市场方向和渠道组合
TK代运营,overseas-promotion,/services/overseas-promotion/,public_secondary,海外推广、市场方向和渠道组合
TK推广代运营,overseas-promotion,/services/overseas-promotion/,public_secondary,海外推广、市场方向和渠道组合
TK推广引流,overseas-promotion,/services/overseas-promotion/,public_secondary,海外推广、市场方向和渠道组合
TK精准引流,overseas-promotion,/services/overseas-promotion/,public_secondary,海外推广、市场方向和渠道组合
TK精准获客,overseas-promotion,/services/overseas-promotion/,public_secondary,海外推广、市场方向和渠道组合
中东海外推广,overseas-promotion,/services/overseas-promotion/,public_secondary,海外推广、市场方向和渠道组合
俄罗斯海外推广,overseas-promotion,/services/overseas-promotion/,public_secondary,海外推广、市场方向和渠道组合
加拿大海外推广,overseas-promotion,/services/overseas-promotion/,public_secondary,海外推广、市场方向和渠道组合
印度海外推广,overseas-promotion,/services/overseas-promotion/,public_secondary,海外推广、市场方向和渠道组合
台湾海外推广,overseas-promotion,/services/overseas-promotion/,public_secondary,海外推广、市场方向和渠道组合
巴西海外推广,overseas-promotion,/services/overseas-promotion/,public_secondary,海外推广、市场方向和渠道组合
新加坡海外推广,overseas-promotion,/services/overseas-promotion/,public_secondary,海外推广、市场方向和渠道组合
日本海外推广,overseas-promotion,/services/overseas-promotion/,public_secondary,海外推广、市场方向和渠道组合
欧洲海外推广,overseas-promotion,/services/overseas-promotion/,public_secondary,海外推广、市场方向和渠道组合
泰国海外推广,overseas-promotion,/services/overseas-promotion/,public_secondary,海外推广、市场方向和渠道组合
澳大利亚海外推广,overseas-promotion,/services/overseas-promotion/,public_secondary,海外推广、市场方向和渠道组合
美国海外推广,overseas-promotion,/services/overseas-promotion/,public_secondary,海外推广、市场方向和渠道组合
英国海外推广,overseas-promotion,/services/overseas-promotion/,public_secondary,海外推广、市场方向和渠道组合
谷歌代运营,overseas-promotion,/services/overseas-promotion/,public_secondary,海外推广、市场方向和渠道组合
谷歌推广代运营,overseas-promotion,/services/overseas-promotion/,public_secondary,海外推广、市场方向和渠道组合
谷歌推广引流,overseas-promotion,/services/overseas-promotion/,public_secondary,海外推广、市场方向和渠道组合
谷歌精准引流,overseas-promotion,/services/overseas-promotion/,public_secondary,海外推广、市场方向和渠道组合
谷歌精准获客,overseas-promotion,/services/overseas-promotion/,public_secondary,海外推广、市场方向和渠道组合
越南海外推广,overseas-promotion,/services/overseas-promotion/,public_secondary,海外推广、市场方向和渠道组合
韩国海外推广,overseas-promotion,/services/overseas-promotion/,public_secondary,海外推广、市场方向和渠道组合
马来西亚海外推广,overseas-promotion,/services/overseas-promotion/,public_secondary,海外推广、市场方向和渠道组合
TKSlot引流,tk-promotion,/platforms/tk/,internal_only,TK 渠道推广支持
TK交友粉引流,tk-promotion,/platforms/tk/,internal_only,TK 渠道推广支持
TK债务引流,tk-promotion,/platforms/tk/,internal_only,TK 渠道推广支持
TK充值色粉引流,tk-promotion,/platforms/tk/,internal_only,TK 渠道推广支持
TK成人兴趣粉引流,tk-promotion,/platforms/tk/,internal_only,TK 渠道推广支持
TK成人粉引流,tk-promotion,/platforms/tk/,internal_only,TK 渠道推广支持
TK精准色粉引流,tk-promotion,/platforms/tk/,internal_only,TK 渠道推广支持
TK索赔引流,tk-promotion,/platforms/tk/,internal_only,TK 渠道推广支持
TK维权引流,tk-promotion,/platforms/tk/,internal_only,TK 渠道推广支持
TK色粉引流,tk-promotion,/platforms/tk/,internal_only,TK 渠道推广支持
TK推广,tk-promotion,/platforms/tk/,public_primary,TK 渠道推广支持
TK交友引流,tk-promotion,/platforms/tk/,public_secondary,TK 渠道推广支持
TK交友引流投放,tk-promotion,/platforms/tk/,public_secondary,TK 渠道推广支持
TK交友引流推广,tk-promotion,/platforms/tk/,public_secondary,TK 渠道推广支持
TK兼职引流,tk-promotion,/platforms/tk/,public_secondary,TK 渠道推广支持
TK兼职投放,tk-promotion,/platforms/tk/,public_secondary,TK 渠道推广支持
TK兼职推广,tk-promotion,/platforms/tk/,public_secondary,TK 渠道推广支持
TK引流,tk-promotion,/platforms/tk/,public_secondary,TK 渠道推广支持
TK游戏引流,tk-promotion,/platforms/tk/,public_secondary,TK 渠道推广支持
TK游戏推广,tk-promotion,/platforms/tk/,public_secondary,TK 渠道推广支持
TK网赚引流,tk-promotion,/platforms/tk/,public_secondary,TK 渠道推广支持
TK网赚投放,tk-promotion,/platforms/tk/,public_secondary,TK 渠道推广支持
TK网赚推广,tk-promotion,/platforms/tk/,public_secondary,TK 渠道推广支持
中东交友引流投放,tk-promotion,/platforms/tk/,public_secondary,TK 渠道推广支持
中东交友引流推广,tk-promotion,/platforms/tk/,public_secondary,TK 渠道推广支持
中东兼职引流,tk-promotion,/platforms/tk/,public_secondary,TK 渠道推广支持
中东兼职投放,tk-promotion,/platforms/tk/,public_secondary,TK 渠道推广支持
中东兼职推广,tk-promotion,/platforms/tk/,public_secondary,TK 渠道推广支持
中东游戏推广,tk-promotion,/platforms/tk/,public_secondary,TK 渠道推广支持
中东网赚引流,tk-promotion,/platforms/tk/,public_secondary,TK 渠道推广支持
中东网赚投放,tk-promotion,/platforms/tk/,public_secondary,TK 渠道推广支持
中东网赚推广,tk-promotion,/platforms/tk/,public_secondary,TK 渠道推广支持
交友引流投放,tk-promotion,/platforms/tk/,public_secondary,TK 渠道推广支持
交友引流推广,tk-promotion,/platforms/tk/,public_secondary,TK 渠道推广支持
俄罗斯交友引流投放,tk-promotion,/platforms/tk/,public_secondary,TK 渠道推广支持
俄罗斯交友引流推广,tk-promotion,/platforms/tk/,public_secondary,TK 渠道推广支持
俄罗斯兼职引流,tk-promotion,/platforms/tk/,public_secondary,TK 渠道推广支持
俄罗斯兼职投放,tk-promotion,/platforms/tk/,public_secondary,TK 渠道推广支持
俄罗斯兼职推广,tk-promotion,/platforms/tk/,public_secondary,TK 渠道推广支持
俄罗斯游戏推广,tk-promotion,/platforms/tk/,public_secondary,TK 渠道推广支持
俄罗斯网赚引流,tk-promotion,/platforms/tk/,public_secondary,TK 渠道推广支持
俄罗斯网赚投放,tk-promotion,/platforms/tk/,public_secondary,TK 渠道推广支持
俄罗斯网赚推广,tk-promotion,/platforms/tk/,public_secondary,TK 渠道推广支持
兼职引流,tk-promotion,/platforms/tk/,public_secondary,TK 渠道推广支持
兼职投放,tk-promotion,/platforms/tk/,public_secondary,TK 渠道推广支持
兼职推广,tk-promotion,/platforms/tk/,public_secondary,TK 渠道推广支持
加拿大交友引流投放,tk-promotion,/platforms/tk/,public_secondary,TK 渠道推广支持
加拿大交友引流推广,tk-promotion,/platforms/tk/,public_secondary,TK 渠道推广支持
加拿大兼职引流,tk-promotion,/platforms/tk/,public_secondary,TK 渠道推广支持
加拿大兼职投放,tk-promotion,/platforms/tk/,public_secondary,TK 渠道推广支持
加拿大兼职推广,tk-promotion,/platforms/tk/,public_secondary,TK 渠道推广支持
加拿大游戏推广,tk-promotion,/platforms/tk/,public_secondary,TK 渠道推广支持
加拿大网赚引流,tk-promotion,/platforms/tk/,public_secondary,TK 渠道推广支持
加拿大网赚投放,tk-promotion,/platforms/tk/,public_secondary,TK 渠道推广支持
加拿大网赚推广,tk-promotion,/platforms/tk/,public_secondary,TK 渠道推广支持
印度交友引流投放,tk-promotion,/platforms/tk/,public_secondary,TK 渠道推广支持
印度交友引流推广,tk-promotion,/platforms/tk/,public_secondary,TK 渠道推广支持
印度兼职引流,tk-promotion,/platforms/tk/,public_secondary,TK 渠道推广支持
印度兼职投放,tk-promotion,/platforms/tk/,public_secondary,TK 渠道推广支持
印度兼职推广,tk-promotion,/platforms/tk/,public_secondary,TK 渠道推广支持
印度游戏推广,tk-promotion,/platforms/tk/,public_secondary,TK 渠道推广支持
印度网赚引流,tk-promotion,/platforms/tk/,public_secondary,TK 渠道推广支持
印度网赚投放,tk-promotion,/platforms/tk/,public_secondary,TK 渠道推广支持
印度网赚推广,tk-promotion,/platforms/tk/,public_secondary,TK 渠道推广支持
台湾交友引流投放,tk-promotion,/platforms/tk/,public_secondary,TK 渠道推广支持
台湾交友引流推广,tk-promotion,/platforms/tk/,public_secondary,TK 渠道推广支持
台湾兼职引流,tk-promotion,/platforms/tk/,public_secondary,TK 渠道推广支持
台湾兼职投放,tk-promotion,/platforms/tk/,public_secondary,TK 渠道推广支持
台湾兼职推广,tk-promotion,/platforms/tk/,public_secondary,TK 渠道推广支持
台湾游戏推广,tk-promotion,/platforms/tk/,public_secondary,TK 渠道推广支持
台湾网赚引流,tk-promotion,/platforms/tk/,public_secondary,TK 渠道推广支持
台湾网赚投放,tk-promotion,/platforms/tk/,public_secondary,TK 渠道推广支持
台湾网赚推广,tk-promotion,/platforms/tk/,public_secondary,TK 渠道推广支持
巴西交友引流投放,tk-promotion,/platforms/tk/,public_secondary,TK 渠道推广支持
巴西交友引流推广,tk-promotion,/platforms/tk/,public_secondary,TK 渠道推广支持
巴西兼职引流,tk-promotion,/platforms/tk/,public_secondary,TK 渠道推广支持
巴西兼职投放,tk-promotion,/platforms/tk/,public_secondary,TK 渠道推广支持
巴西兼职推广,tk-promotion,/platforms/tk/,public_secondary,TK 渠道推广支持
巴西游戏推广,tk-promotion,/platforms/tk/,public_secondary,TK 渠道推广支持
巴西网赚引流,tk-promotion,/platforms/tk/,public_secondary,TK 渠道推广支持
巴西网赚投放,tk-promotion,/platforms/tk/,public_secondary,TK 渠道推广支持
巴西网赚推广,tk-promotion,/platforms/tk/,public_secondary,TK 渠道推广支持
新加坡交友引流投放,tk-promotion,/platforms/tk/,public_secondary,TK 渠道推广支持
新加坡交友引流推广,tk-promotion,/platforms/tk/,public_secondary,TK 渠道推广支持
新加坡兼职引流,tk-promotion,/platforms/tk/,public_secondary,TK 渠道推广支持
新加坡兼职投放,tk-promotion,/platforms/tk/,public_secondary,TK 渠道推广支持
新加坡兼职推广,tk-promotion,/platforms/tk/,public_secondary,TK 渠道推广支持
新加坡游戏推广,tk-promotion,/platforms/tk/,public_secondary,TK 渠道推广支持
新加坡网赚引流,tk-promotion,/platforms/tk/,public_secondary,TK 渠道推广支持
新加坡网赚投放,tk-promotion,/platforms/tk/,public_secondary,TK 渠道推广支持
新加坡网赚推广,tk-promotion,/platforms/tk/,public_secondary,TK 渠道推广支持
日本交友引流投放,tk-promotion,/platforms/tk/,public_secondary,TK 渠道推广支持
日本交友引流推广,tk-promotion,/platforms/tk/,public_secondary,TK 渠道推广支持
日本兼职引流,tk-promotion,/platforms/tk/,public_secondary,TK 渠道推广支持
日本兼职投放,tk-promotion,/platforms/tk/,public_secondary,TK 渠道推广支持
日本兼职推广,tk-promotion,/platforms/tk/,public_secondary,TK 渠道推广支持
日本游戏推广,tk-promotion,/platforms/tk/,public_secondary,TK 渠道推广支持
日本网赚引流,tk-promotion,/platforms/tk/,public_secondary,TK 渠道推广支持
日本网赚投放,tk-promotion,/platforms/tk/,public_secondary,TK 渠道推广支持
日本网赚推广,tk-promotion,/platforms/tk/,public_secondary,TK 渠道推广支持
欧洲交友引流投放,tk-promotion,/platforms/tk/,public_secondary,TK 渠道推广支持
欧洲交友引流推广,tk-promotion,/platforms/tk/,public_secondary,TK 渠道推广支持
欧洲兼职引流,tk-promotion,/platforms/tk/,public_secondary,TK 渠道推广支持
欧洲兼职投放,tk-promotion,/platforms/tk/,public_secondary,TK 渠道推广支持
欧洲兼职推广,tk-promotion,/platforms/tk/,public_secondary,TK 渠道推广支持
欧洲游戏推广,tk-promotion,/platforms/tk/,public_secondary,TK 渠道推广支持
欧洲网赚引流,tk-promotion,/platforms/tk/,public_secondary,TK 渠道推广支持
欧洲网赚投放,tk-promotion,/platforms/tk/,public_secondary,TK 渠道推广支持
欧洲网赚推广,tk-promotion,/platforms/tk/,public_secondary,TK 渠道推广支持
泰国交友引流投放,tk-promotion,/platforms/tk/,public_secondary,TK 渠道推广支持
泰国交友引流推广,tk-promotion,/platforms/tk/,public_secondary,TK 渠道推广支持
泰国兼职引流,tk-promotion,/platforms/tk/,public_secondary,TK 渠道推广支持
泰国兼职投放,tk-promotion,/platforms/tk/,public_secondary,TK 渠道推广支持
泰国兼职推广,tk-promotion,/platforms/tk/,public_secondary,TK 渠道推广支持
泰国游戏推广,tk-promotion,/platforms/tk/,public_secondary,TK 渠道推广支持
泰国网赚引流,tk-promotion,/platforms/tk/,public_secondary,TK 渠道推广支持
泰国网赚投放,tk-promotion,/platforms/tk/,public_secondary,TK 渠道推广支持
泰国网赚推广,tk-promotion,/platforms/tk/,public_secondary,TK 渠道推广支持
澳大利亚交友引流投放,tk-promotion,/platforms/tk/,public_secondary,TK 渠道推广支持
澳大利亚交友引流推广,tk-promotion,/platforms/tk/,public_secondary,TK 渠道推广支持
澳大利亚兼职引流,tk-promotion,/platforms/tk/,public_secondary,TK 渠道推广支持
澳大利亚兼职投放,tk-promotion,/platforms/tk/,public_secondary,TK 渠道推广支持
澳大利亚兼职推广,tk-promotion,/platforms/tk/,public_secondary,TK 渠道推广支持
澳大利亚游戏推广,tk-promotion,/platforms/tk/,public_secondary,TK 渠道推广支持
澳大利亚网赚引流,tk-promotion,/platforms/tk/,public_secondary,TK 渠道推广支持
澳大利亚网赚投放,tk-promotion,/platforms/tk/,public_secondary,TK 渠道推广支持
澳大利亚网赚推广,tk-promotion,/platforms/tk/,public_secondary,TK 渠道推广支持
网赚引流,tk-promotion,/platforms/tk/,public_secondary,TK 渠道推广支持
网赚投放,tk-promotion,/platforms/tk/,public_secondary,TK 渠道推广支持
美国交友引流投放,tk-promotion,/platforms/tk/,public_secondary,TK 渠道推广支持
美国交友引流推广,tk-promotion,/platforms/tk/,public_secondary,TK 渠道推广支持
美国兼职引流,tk-promotion,/platforms/tk/,public_secondary,TK 渠道推广支持
美国兼职投放,tk-promotion,/platforms/tk/,public_secondary,TK 渠道推广支持
美国兼职推广,tk-promotion,/platforms/tk/,public_secondary,TK 渠道推广支持
美国游戏推广,tk-promotion,/platforms/tk/,public_secondary,TK 渠道推广支持
美国网赚引流,tk-promotion,/platforms/tk/,public_secondary,TK 渠道推广支持
美国网赚投放,tk-promotion,/platforms/tk/,public_secondary,TK 渠道推广支持
美国网赚推广,tk-promotion,/platforms/tk/,public_secondary,TK 渠道推广支持
英国交友引流投放,tk-promotion,/platforms/tk/,public_secondary,TK 渠道推广支持
英国交友引流推广,tk-promotion,/platforms/tk/,public_secondary,TK 渠道推广支持
英国兼职引流,tk-promotion,/platforms/tk/,public_secondary,TK 渠道推广支持
英国兼职投放,tk-promotion,/platforms/tk/,public_secondary,TK 渠道推广支持
英国兼职推广,tk-promotion,/platforms/tk/,public_secondary,TK 渠道推广支持
英国游戏推广,tk-promotion,/platforms/tk/,public_secondary,TK 渠道推广支持
英国网赚引流,tk-promotion,/platforms/tk/,public_secondary,TK 渠道推广支持
英国网赚投放,tk-promotion,/platforms/tk/,public_secondary,TK 渠道推广支持
英国网赚推广,tk-promotion,/platforms/tk/,public_secondary,TK 渠道推广支持
越南交友引流投放,tk-promotion,/platforms/tk/,public_secondary,TK 渠道推广支持
越南交友引流推广,tk-promotion,/platforms/tk/,public_secondary,TK 渠道推广支持
越南兼职引流,tk-promotion,/platforms/tk/,public_secondary,TK 渠道推广支持
越南兼职投放,tk-promotion,/platforms/tk/,public_secondary,TK 渠道推广支持
越南兼职推广,tk-promotion,/platforms/tk/,public_secondary,TK 渠道推广支持
越南游戏推广,tk-promotion,/platforms/tk/,public_secondary,TK 渠道推广支持
越南网赚引流,tk-promotion,/platforms/tk/,public_secondary,TK 渠道推广支持
越南网赚投放,tk-promotion,/platforms/tk/,public_secondary,TK 渠道推广支持
越南网赚推广,tk-promotion,/platforms/tk/,public_secondary,TK 渠道推广支持
韩国交友引流投放,tk-promotion,/platforms/tk/,public_secondary,TK 渠道推广支持
韩国交友引流推广,tk-promotion,/platforms/tk/,public_secondary,TK 渠道推广支持
韩国兼职引流,tk-promotion,/platforms/tk/,public_secondary,TK 渠道推广支持
韩国兼职投放,tk-promotion,/platforms/tk/,public_secondary,TK 渠道推广支持
韩国兼职推广,tk-promotion,/platforms/tk/,public_secondary,TK 渠道推广支持
韩国游戏推广,tk-promotion,/platforms/tk/,public_secondary,TK 渠道推广支持
韩国网赚引流,tk-promotion,/platforms/tk/,public_secondary,TK 渠道推广支持
韩国网赚投放,tk-promotion,/platforms/tk/,public_secondary,TK 渠道推广支持
韩国网赚推广,tk-promotion,/platforms/tk/,public_secondary,TK 渠道推广支持
马来西亚交友引流投放,tk-promotion,/platforms/tk/,public_secondary,TK 渠道推广支持
马来西亚交友引流推广,tk-promotion,/platforms/tk/,public_secondary,TK 渠道推广支持
马来西亚兼职引流,tk-promotion,/platforms/tk/,public_secondary,TK 渠道推广支持
马来西亚兼职投放,tk-promotion,/platforms/tk/,public_secondary,TK 渠道推广支持
马来西亚兼职推广,tk-promotion,/platforms/tk/,public_secondary,TK 渠道推广支持
马来西亚游戏推广,tk-promotion,/platforms/tk/,public_secondary,TK 渠道推广支持
马来西亚网赚引流,tk-promotion,/platforms/tk/,public_secondary,TK 渠道推广支持
马来西亚网赚投放,tk-promotion,/platforms/tk/,public_secondary,TK 渠道推广支持
马来西亚网赚推广,tk-promotion,/platforms/tk/,public_secondary,TK 渠道推广支持
交友App注册价格,traffic-acquisition,/services/traffic-acquisition/,future_blog,long_tail_question
交友App注册哪家好,traffic-acquisition,/services/traffic-acquisition/,future_blog,long_tail_question
交友App注册多少钱,traffic-acquisition,/services/traffic-acquisition/,future_blog,long_tail_question
交友App注册平台,traffic-acquisition,/services/traffic-acquisition/,future_blog,long_tail_question
交友App注册怎么做,traffic-acquisition,/services/traffic-acquisition/,future_blog,long_tail_question
交友App注册怎么找,traffic-acquisition,/services/traffic-acquisition/,future_blog,long_tail_question
交友App注册怎么投,traffic-acquisition,/services/traffic-acquisition/,future_blog,long_tail_question
交友App注册怎么收费,traffic-acquisition,/services/traffic-acquisition/,future_blog,long_tail_question
交友App注册报价,traffic-acquisition,/services/traffic-acquisition/,future_blog,long_tail_question
交友App注册渠道,traffic-acquisition,/services/traffic-acquisition/,future_blog,long_tail_question
交友App注册费用,traffic-acquisition,/services/traffic-acquisition/,future_blog,long_tail_question
交友App注册靠谱吗,traffic-acquisition,/services/traffic-acquisition/,future_blog,long_tail_question
交友引流价格,traffic-acquisition,/services/traffic-acquisition/,future_blog,long_tail_question
交友引流哪家好,traffic-acquisition,/services/traffic-acquisition/,future_blog,long_tail_question
交友引流多少钱,traffic-acquisition,/services/traffic-acquisition/,future_blog,long_tail_question
交友引流平台,traffic-acquisition,/services/traffic-acquisition/,future_blog,long_tail_question
交友引流怎么做,traffic-acquisition,/services/traffic-acquisition/,future_blog,long_tail_question
交友引流怎么找,traffic-acquisition,/services/traffic-acquisition/,future_blog,long_tail_question
交友引流怎么投,traffic-acquisition,/services/traffic-acquisition/,future_blog,long_tail_question
交友引流怎么收费,traffic-acquisition,/services/traffic-acquisition/,future_blog,long_tail_question
交友引流报价,traffic-acquisition,/services/traffic-acquisition/,future_blog,long_tail_question
交友引流渠道,traffic-acquisition,/services/traffic-acquisition/,future_blog,long_tail_question
交友引流费用,traffic-acquisition,/services/traffic-acquisition/,future_blog,long_tail_question
交友引流靠谱吗,traffic-acquisition,/services/traffic-acquisition/,future_blog,long_tail_question
保险价格,traffic-acquisition,/services/traffic-acquisition/,future_blog,long_tail_question
保险哪家好,traffic-acquisition,/services/traffic-acquisition/,future_blog,long_tail_question
保险多少钱,traffic-acquisition,/services/traffic-acquisition/,future_blog,long_tail_question
保险平台,traffic-acquisition,/services/traffic-acquisition/,future_blog,long_tail_question
保险怎么做,traffic-acquisition,/services/traffic-acquisition/,future_blog,long_tail_question
保险怎么找,traffic-acquisition,/services/traffic-acquisition/,future_blog,long_tail_question
保险怎么投,traffic-acquisition,/services/traffic-acquisition/,future_blog,long_tail_question
保险怎么收费,traffic-acquisition,/services/traffic-acquisition/,future_blog,long_tail_question
保险报价,traffic-acquisition,/services/traffic-acquisition/,future_blog,long_tail_question
保险渠道,traffic-acquisition,/services/traffic-acquisition/,future_blog,long_tail_question
保险费用,traffic-acquisition,/services/traffic-acquisition/,future_blog,long_tail_question
保险靠谱吗,traffic-acquisition,/services/traffic-acquisition/,future_blog,long_tail_question
游戏价格,traffic-acquisition,/services/traffic-acquisition/,future_blog,long_tail_question
游戏哪家好,traffic-acquisition,/services/traffic-acquisition/,future_blog,long_tail_question
游戏多少钱,traffic-acquisition,/services/traffic-acquisition/,future_blog,long_tail_question
游戏平台,traffic-acquisition,/services/traffic-acquisition/,future_blog,long_tail_question
游戏怎么做,traffic-acquisition,/services/traffic-acquisition/,future_blog,long_tail_question
游戏怎么找,traffic-acquisition,/services/traffic-acquisition/,future_blog,long_tail_question
游戏怎么投,traffic-acquisition,/services/traffic-acquisition/,future_blog,long_tail_question
游戏怎么收费,traffic-acquisition,/services/traffic-acquisition/,future_blog,long_tail_question
游戏报价,traffic-acquisition,/services/traffic-acquisition/,future_blog,long_tail_question
游戏渠道,traffic-acquisition,/services/traffic-acquisition/,future_blog,long_tail_question
游戏费用,traffic-acquisition,/services/traffic-acquisition/,future_blog,long_tail_question
游戏靠谱吗,traffic-acquisition,/services/traffic-acquisition/,future_blog,long_tail_question
移民价格,traffic-acquisition,/services/traffic-acquisition/,future_blog,long_tail_question
移民哪家好,traffic-acquisition,/services/traffic-acquisition/,future_blog,long_tail_question
移民多少钱,traffic-acquisition,/services/traffic-acquisition/,future_blog,long_tail_question
移民平台,traffic-acquisition,/services/traffic-acquisition/,future_blog,long_tail_question
移民怎么做,traffic-acquisition,/services/traffic-acquisition/,future_blog,long_tail_question
移民怎么找,traffic-acquisition,/services/traffic-acquisition/,future_blog,long_tail_question
移民怎么投,traffic-acquisition,/services/traffic-acquisition/,future_blog,long_tail_question
移民怎么收费,traffic-acquisition,/services/traffic-acquisition/,future_blog,long_tail_question
移民报价,traffic-acquisition,/services/traffic-acquisition/,future_blog,long_tail_question
移民渠道,traffic-acquisition,/services/traffic-acquisition/,future_blog,long_tail_question
移民费用,traffic-acquisition,/services/traffic-acquisition/,future_blog,long_tail_question
移民靠谱吗,traffic-acquisition,/services/traffic-acquisition/,future_blog,long_tail_question
贷款价格,traffic-acquisition,/services/traffic-acquisition/,future_blog,long_tail_question
贷款哪家好,traffic-acquisition,/services/traffic-acquisition/,future_blog,long_tail_question
贷款多少钱,traffic-acquisition,/services/traffic-acquisition/,future_blog,long_tail_question
贷款平台,traffic-acquisition,/services/traffic-acquisition/,future_blog,long_tail_question
贷款怎么做,traffic-acquisition,/services/traffic-acquisition/,future_blog,long_tail_question
贷款怎么找,traffic-acquisition,/services/traffic-acquisition/,future_blog,long_tail_question
贷款怎么投,traffic-acquisition,/services/traffic-acquisition/,future_blog,long_tail_question
贷款怎么收费,traffic-acquisition,/services/traffic-acquisition/,future_blog,long_tail_question
贷款报价,traffic-acquisition,/services/traffic-acquisition/,future_blog,long_tail_question
贷款渠道,traffic-acquisition,/services/traffic-acquisition/,future_blog,long_tail_question
贷款费用,traffic-acquisition,/services/traffic-acquisition/,future_blog,long_tail_question
贷款靠谱吗,traffic-acquisition,/services/traffic-acquisition/,future_blog,long_tail_question
Slot引流,traffic-acquisition,/services/traffic-acquisition/,internal_only,获客、拉新、用户来源判断
Slot拉新,traffic-acquisition,/services/traffic-acquisition/,internal_only,获客、拉新、用户来源判断
Slot精准获客,traffic-acquisition,/services/traffic-acquisition/,internal_only,获客、拉新、用户来源判断
Slot获客,traffic-acquisition,/services/traffic-acquisition/,internal_only,获客、拉新、用户来源判断
交友粉引流,traffic-acquisition,/services/traffic-acquisition/,internal_only,获客、拉新、用户来源判断
交友粉拉新,traffic-acquisition,/services/traffic-acquisition/,internal_only,获客、拉新、用户来源判断
交友粉精准获客,traffic-acquisition,/services/traffic-acquisition/,internal_only,获客、拉新、用户来源判断
交友粉获客,traffic-acquisition,/services/traffic-acquisition/,internal_only,获客、拉新、用户来源判断
债务引流,traffic-acquisition,/services/traffic-acquisition/,internal_only,获客、拉新、用户来源判断
债务拉新,traffic-acquisition,/services/traffic-acquisition/,internal_only,获客、拉新、用户来源判断
债务精准获客,traffic-acquisition,/services/traffic-acquisition/,internal_only,获客、拉新、用户来源判断
债务获客,traffic-acquisition,/services/traffic-acquisition/,internal_only,获客、拉新、用户来源判断
充值色粉引流,traffic-acquisition,/services/traffic-acquisition/,internal_only,获客、拉新、用户来源判断
充值色粉拉新,traffic-acquisition,/services/traffic-acquisition/,internal_only,获客、拉新、用户来源判断
充值色粉精准获客,traffic-acquisition,/services/traffic-acquisition/,internal_only,获客、拉新、用户来源判断
充值色粉获客,traffic-acquisition,/services/traffic-acquisition/,internal_only,获客、拉新、用户来源判断
成人兴趣粉引流,traffic-acquisition,/services/traffic-acquisition/,internal_only,获客、拉新、用户来源判断
成人兴趣粉拉新,traffic-acquisition,/services/traffic-acquisition/,internal_only,获客、拉新、用户来源判断
成人兴趣粉精准获客,traffic-acquisition,/services/traffic-acquisition/,internal_only,获客、拉新、用户来源判断
成人兴趣粉获客,traffic-acquisition,/services/traffic-acquisition/,internal_only,获客、拉新、用户来源判断
成人粉引流,traffic-acquisition,/services/traffic-acquisition/,internal_only,获客、拉新、用户来源判断
成人粉拉新,traffic-acquisition,/services/traffic-acquisition/,internal_only,获客、拉新、用户来源判断
成人粉精准获客,traffic-acquisition,/services/traffic-acquisition/,internal_only,获客、拉新、用户来源判断
成人粉获客,traffic-acquisition,/services/traffic-acquisition/,internal_only,获客、拉新、用户来源判断
精准色粉引流,traffic-acquisition,/services/traffic-acquisition/,internal_only,获客、拉新、用户来源判断
精准色粉拉新,traffic-acquisition,/services/traffic-acquisition/,internal_only,获客、拉新、用户来源判断
精准色粉精准获客,traffic-acquisition,/services/traffic-acquisition/,internal_only,获客、拉新、用户来源判断
精准色粉获客,traffic-acquisition,/services/traffic-acquisition/,internal_only,获客、拉新、用户来源判断
索赔引流,traffic-acquisition,/services/traffic-acquisition/,internal_only,获客、拉新、用户来源判断
索赔拉新,traffic-acquisition,/services/traffic-acquisition/,internal_only,获客、拉新、用户来源判断
索赔精准获客,traffic-acquisition,/services/traffic-acquisition/,internal_only,获客、拉新、用户来源判断
索赔获客,traffic-acquisition,/services/traffic-acquisition/,internal_only,获客、拉新、用户来源判断
维权引流,traffic-acquisition,/services/traffic-acquisition/,internal_only,获客、拉新、用户来源判断
维权拉新,traffic-acquisition,/services/traffic-acquisition/,internal_only,获客、拉新、用户来源判断
维权精准获客,traffic-acquisition,/services/traffic-acquisition/,internal_only,获客、拉新、用户来源判断
维权获客,traffic-acquisition,/services/traffic-acquisition/,internal_only,获客、拉新、用户来源判断
色粉引流,traffic-acquisition,/services/traffic-acquisition/,internal_only,获客、拉新、用户来源判断
色粉拉新,traffic-acquisition,/services/traffic-acquisition/,internal_only,获客、拉新、用户来源判断
色粉精准获客,traffic-acquisition,/services/traffic-acquisition/,internal_only,获客、拉新、用户来源判断
色粉获客,traffic-acquisition,/services/traffic-acquisition/,internal_only,获客、拉新、用户来源判断
引流获客,traffic-acquisition,/services/traffic-acquisition/,public_primary,获客、拉新、用户来源判断
TK移民引流,traffic-acquisition,/services/traffic-acquisition/,public_secondary,获客、拉新、用户来源判断
TK移民获客,traffic-acquisition,/services/traffic-acquisition/,public_secondary,获客、拉新、用户来源判断
中东交友App注册引流,traffic-acquisition,/services/traffic-acquisition/,public_secondary,获客、拉新、用户来源判断
中东交友App注册投放,traffic-acquisition,/services/traffic-acquisition/,public_secondary,获客、拉新、用户来源判断
中东交友App注册获客,traffic-acquisition,/services/traffic-acquisition/,public_secondary,获客、拉新、用户来源判断
中东交友引流,traffic-acquisition,/services/traffic-acquisition/,public_secondary,获客、拉新、用户来源判断
中东交友引流获客,traffic-acquisition,/services/traffic-acquisition/,public_secondary,获客、拉新、用户来源判断
中东保险引流,traffic-acquisition,/services/traffic-acquisition/,public_secondary,获客、拉新、用户来源判断
中东保险获客,traffic-acquisition,/services/traffic-acquisition/,public_secondary,获客、拉新、用户来源判断
中东游戏引流,traffic-acquisition,/services/traffic-acquisition/,public_secondary,获客、拉新、用户来源判断
中东游戏获客,traffic-acquisition,/services/traffic-acquisition/,public_secondary,获客、拉新、用户来源判断
中东移民引流,traffic-acquisition,/services/traffic-acquisition/,public_secondary,获客、拉新、用户来源判断
中东移民获客,traffic-acquisition,/services/traffic-acquisition/,public_secondary,获客、拉新、用户来源判断
中东贷款引流,traffic-acquisition,/services/traffic-acquisition/,public_secondary,获客、拉新、用户来源判断
中东贷款获客,traffic-acquisition,/services/traffic-acquisition/,public_secondary,获客、拉新、用户来源判断
交友App注册买量,traffic-acquisition,/services/traffic-acquisition/,public_secondary,获客、拉新、用户来源判断
交友App注册代投,traffic-acquisition,/services/traffic-acquisition/,public_secondary,获客、拉新、用户来源判断
交友App注册代运营,traffic-acquisition,/services/traffic-acquisition/,public_secondary,获客、拉新、用户来源判断
交友App注册信息流投放,traffic-acquisition,/services/traffic-acquisition/,public_secondary,获客、拉新、用户来源判断
交友App注册广告代投,traffic-acquisition,/services/traffic-acquisition/,public_secondary,获客、拉新、用户来源判断
交友App注册广告投放,traffic-acquisition,/services/traffic-acquisition/,public_secondary,获客、拉新、用户来源判断
交友App注册引流,traffic-acquisition,/services/traffic-acquisition/,public_secondary,获客、拉新、用户来源判断
交友App注册投放,traffic-acquisition,/services/traffic-acquisition/,public_secondary,获客、拉新、用户来源判断
交友App注册投流,traffic-acquisition,/services/traffic-acquisition/,public_secondary,获客、拉新、用户来源判断
交友App注册拉新,traffic-acquisition,/services/traffic-acquisition/,public_secondary,获客、拉新、用户来源判断
交友App注册推广代运营,traffic-acquisition,/services/traffic-acquisition/,public_secondary,获客、拉新、用户来源判断
交友App注册推广引流,traffic-acquisition,/services/traffic-acquisition/,public_secondary,获客、拉新、用户来源判断
交友App注册搜索广告投放,traffic-acquisition,/services/traffic-acquisition/,public_secondary,获客、拉新、用户来源判断
交友App注册精准引流,traffic-acquisition,/services/traffic-acquisition/,public_secondary,获客、拉新、用户来源判断
交友App注册精准获客,traffic-acquisition,/services/traffic-acquisition/,public_secondary,获客、拉新、用户来源判断
交友App注册获客,traffic-acquisition,/services/traffic-acquisition/,public_secondary,获客、拉新、用户来源判断
交友引流代运营,traffic-acquisition,/services/traffic-acquisition/,public_secondary,获客、拉新、用户来源判断
交友引流信息流投放,traffic-acquisition,/services/traffic-acquisition/,public_secondary,获客、拉新、用户来源判断
交友引流广告代投,traffic-acquisition,/services/traffic-acquisition/,public_secondary,获客、拉新、用户来源判断
交友引流拉新,traffic-acquisition,/services/traffic-acquisition/,public_secondary,获客、拉新、用户来源判断
交友引流推广代运营,traffic-acquisition,/services/traffic-acquisition/,public_secondary,获客、拉新、用户来源判断
交友引流推广引流,traffic-acquisition,/services/traffic-acquisition/,public_secondary,获客、拉新、用户来源判断
交友引流搜索广告投放,traffic-acquisition,/services/traffic-acquisition/,public_secondary,获客、拉新、用户来源判断
交友引流精准引流,traffic-acquisition,/services/traffic-acquisition/,public_secondary,获客、拉新、用户来源判断
交友引流精准获客,traffic-acquisition,/services/traffic-acquisition/,public_secondary,获客、拉新、用户来源判断
交友引流获客,traffic-acquisition,/services/traffic-acquisition/,public_secondary,获客、拉新、用户来源判断
俄罗斯交友App注册引流,traffic-acquisition,/services/traffic-acquisition/,public_secondary,获客、拉新、用户来源判断
俄罗斯交友App注册投放,traffic-acquisition,/services/traffic-acquisition/,public_secondary,获客、拉新、用户来源判断
俄罗斯交友App注册获客,traffic-acquisition,/services/traffic-acquisition/,public_secondary,获客、拉新、用户来源判断
俄罗斯交友引流,traffic-acquisition,/services/traffic-acquisition/,public_secondary,获客、拉新、用户来源判断
俄罗斯交友引流获客,traffic-acquisition,/services/traffic-acquisition/,public_secondary,获客、拉新、用户来源判断
俄罗斯保险引流,traffic-acquisition,/services/traffic-acquisition/,public_secondary,获客、拉新、用户来源判断
俄罗斯保险获客,traffic-acquisition,/services/traffic-acquisition/,public_secondary,获客、拉新、用户来源判断
俄罗斯游戏引流,traffic-acquisition,/services/traffic-acquisition/,public_secondary,获客、拉新、用户来源判断
俄罗斯游戏获客,traffic-acquisition,/services/traffic-acquisition/,public_secondary,获客、拉新、用户来源判断
俄罗斯移民引流,traffic-acquisition,/services/traffic-acquisition/,public_secondary,获客、拉新、用户来源判断
俄罗斯移民获客,traffic-acquisition,/services/traffic-acquisition/,public_secondary,获客、拉新、用户来源判断
俄罗斯贷款引流,traffic-acquisition,/services/traffic-acquisition/,public_secondary,获客、拉新、用户来源判断
俄罗斯贷款获客,traffic-acquisition,/services/traffic-acquisition/,public_secondary,获客、拉新、用户来源判断
保险买量,traffic-acquisition,/services/traffic-acquisition/,public_secondary,获客、拉新、用户来源判断
保险代投,traffic-acquisition,/services/traffic-acquisition/,public_secondary,获客、拉新、用户来源判断
保险代运营,traffic-acquisition,/services/traffic-acquisition/,public_secondary,获客、拉新、用户来源判断
保险引流,traffic-acquisition,/services/traffic-acquisition/,public_secondary,获客、拉新、用户来源判断
保险投流,traffic-acquisition,/services/traffic-acquisition/,public_secondary,获客、拉新、用户来源判断
保险拉新,traffic-acquisition,/services/traffic-acquisition/,public_secondary,获客、拉新、用户来源判断
保险推广代运营,traffic-acquisition,/services/traffic-acquisition/,public_secondary,获客、拉新、用户来源判断
保险推广引流,traffic-acquisition,/services/traffic-acquisition/,public_secondary,获客、拉新、用户来源判断
保险精准引流,traffic-acquisition,/services/traffic-acquisition/,public_secondary,获客、拉新、用户来源判断
保险精准获客,traffic-acquisition,/services/traffic-acquisition/,public_secondary,获客、拉新、用户来源判断
加拿大交友App注册引流,traffic-acquisition,/services/traffic-acquisition/,public_secondary,获客、拉新、用户来源判断
加拿大交友App注册投放,traffic-acquisition,/services/traffic-acquisition/,public_secondary,获客、拉新、用户来源判断
加拿大交友App注册获客,traffic-acquisition,/services/traffic-acquisition/,public_secondary,获客、拉新、用户来源判断
加拿大交友引流,traffic-acquisition,/services/traffic-acquisition/,public_secondary,获客、拉新、用户来源判断
加拿大交友引流获客,traffic-acquisition,/services/traffic-acquisition/,public_secondary,获客、拉新、用户来源判断
加拿大保险引流,traffic-acquisition,/services/traffic-acquisition/,public_secondary,获客、拉新、用户来源判断
加拿大保险获客,traffic-acquisition,/services/traffic-acquisition/,public_secondary,获客、拉新、用户来源判断
加拿大游戏引流,traffic-acquisition,/services/traffic-acquisition/,public_secondary,获客、拉新、用户来源判断
加拿大游戏获客,traffic-acquisition,/services/traffic-acquisition/,public_secondary,获客、拉新、用户来源判断
加拿大移民引流,traffic-acquisition,/services/traffic-acquisition/,public_secondary,获客、拉新、用户来源判断
加拿大移民获客,traffic-acquisition,/services/traffic-acquisition/,public_secondary,获客、拉新、用户来源判断
加拿大贷款引流,traffic-acquisition,/services/traffic-acquisition/,public_secondary,获客、拉新、用户来源判断
加拿大贷款获客,traffic-acquisition,/services/traffic-acquisition/,public_secondary,获客、拉新、用户来源判断
印度交友App注册引流,traffic-acquisition,/services/traffic-acquisition/,public_secondary,获客、拉新、用户来源判断
印度交友App注册投放,traffic-acquisition,/services/traffic-acquisition/,public_secondary,获客、拉新、用户来源判断
印度交友App注册获客,traffic-acquisition,/services/traffic-acquisition/,public_secondary,获客、拉新、用户来源判断
印度交友引流,traffic-acquisition,/services/traffic-acquisition/,public_secondary,获客、拉新、用户来源判断
印度交友引流获客,traffic-acquisition,/services/traffic-acquisition/,public_secondary,获客、拉新、用户来源判断
印度保险引流,traffic-acquisition,/services/traffic-acquisition/,public_secondary,获客、拉新、用户来源判断
印度保险获客,traffic-acquisition,/services/traffic-acquisition/,public_secondary,获客、拉新、用户来源判断
印度游戏引流,traffic-acquisition,/services/traffic-acquisition/,public_secondary,获客、拉新、用户来源判断
印度游戏获客,traffic-acquisition,/services/traffic-acquisition/,public_secondary,获客、拉新、用户来源判断
印度移民引流,traffic-acquisition,/services/traffic-acquisition/,public_secondary,获客、拉新、用户来源判断
印度移民获客,traffic-acquisition,/services/traffic-acquisition/,public_secondary,获客、拉新、用户来源判断
印度贷款引流,traffic-acquisition,/services/traffic-acquisition/,public_secondary,获客、拉新、用户来源判断
印度贷款获客,traffic-acquisition,/services/traffic-acquisition/,public_secondary,获客、拉新、用户来源判断
台湾交友App注册引流,traffic-acquisition,/services/traffic-acquisition/,public_secondary,获客、拉新、用户来源判断
台湾交友App注册投放,traffic-acquisition,/services/traffic-acquisition/,public_secondary,获客、拉新、用户来源判断
台湾交友App注册获客,traffic-acquisition,/services/traffic-acquisition/,public_secondary,获客、拉新、用户来源判断
台湾交友引流,traffic-acquisition,/services/traffic-acquisition/,public_secondary,获客、拉新、用户来源判断
台湾交友引流获客,traffic-acquisition,/services/traffic-acquisition/,public_secondary,获客、拉新、用户来源判断
台湾保险引流,traffic-acquisition,/services/traffic-acquisition/,public_secondary,获客、拉新、用户来源判断
台湾保险获客,traffic-acquisition,/services/traffic-acquisition/,public_secondary,获客、拉新、用户来源判断
台湾游戏引流,traffic-acquisition,/services/traffic-acquisition/,public_secondary,获客、拉新、用户来源判断
台湾游戏获客,traffic-acquisition,/services/traffic-acquisition/,public_secondary,获客、拉新、用户来源判断
台湾移民引流,traffic-acquisition,/services/traffic-acquisition/,public_secondary,获客、拉新、用户来源判断
台湾移民获客,traffic-acquisition,/services/traffic-acquisition/,public_secondary,获客、拉新、用户来源判断
台湾贷款引流,traffic-acquisition,/services/traffic-acquisition/,public_secondary,获客、拉新、用户来源判断
台湾贷款获客,traffic-acquisition,/services/traffic-acquisition/,public_secondary,获客、拉新、用户来源判断
巴西交友App注册引流,traffic-acquisition,/services/traffic-acquisition/,public_secondary,获客、拉新、用户来源判断
巴西交友App注册投放,traffic-acquisition,/services/traffic-acquisition/,public_secondary,获客、拉新、用户来源判断
巴西交友App注册获客,traffic-acquisition,/services/traffic-acquisition/,public_secondary,获客、拉新、用户来源判断
巴西交友引流,traffic-acquisition,/services/traffic-acquisition/,public_secondary,获客、拉新、用户来源判断
巴西交友引流获客,traffic-acquisition,/services/traffic-acquisition/,public_secondary,获客、拉新、用户来源判断
巴西保险引流,traffic-acquisition,/services/traffic-acquisition/,public_secondary,获客、拉新、用户来源判断
巴西保险获客,traffic-acquisition,/services/traffic-acquisition/,public_secondary,获客、拉新、用户来源判断
巴西游戏引流,traffic-acquisition,/services/traffic-acquisition/,public_secondary,获客、拉新、用户来源判断
巴西游戏获客,traffic-acquisition,/services/traffic-acquisition/,public_secondary,获客、拉新、用户来源判断
巴西移民引流,traffic-acquisition,/services/traffic-acquisition/,public_secondary,获客、拉新、用户来源判断
巴西移民获客,traffic-acquisition,/services/traffic-acquisition/,public_secondary,获客、拉新、用户来源判断
巴西贷款引流,traffic-acquisition,/services/traffic-acquisition/,public_secondary,获客、拉新、用户来源判断
巴西贷款获客,traffic-acquisition,/services/traffic-acquisition/,public_secondary,获客、拉新、用户来源判断
新加坡交友App注册引流,traffic-acquisition,/services/traffic-acquisition/,public_secondary,获客、拉新、用户来源判断
新加坡交友App注册投放,traffic-acquisition,/services/traffic-acquisition/,public_secondary,获客、拉新、用户来源判断
新加坡交友App注册获客,traffic-acquisition,/services/traffic-acquisition/,public_secondary,获客、拉新、用户来源判断
新加坡交友引流,traffic-acquisition,/services/traffic-acquisition/,public_secondary,获客、拉新、用户来源判断
新加坡交友引流获客,traffic-acquisition,/services/traffic-acquisition/,public_secondary,获客、拉新、用户来源判断
新加坡保险引流,traffic-acquisition,/services/traffic-acquisition/,public_secondary,获客、拉新、用户来源判断
新加坡保险获客,traffic-acquisition,/services/traffic-acquisition/,public_secondary,获客、拉新、用户来源判断
新加坡游戏引流,traffic-acquisition,/services/traffic-acquisition/,public_secondary,获客、拉新、用户来源判断
新加坡游戏获客,traffic-acquisition,/services/traffic-acquisition/,public_secondary,获客、拉新、用户来源判断
新加坡移民引流,traffic-acquisition,/services/traffic-acquisition/,public_secondary,获客、拉新、用户来源判断
新加坡移民获客,traffic-acquisition,/services/traffic-acquisition/,public_secondary,获客、拉新、用户来源判断
新加坡贷款引流,traffic-acquisition,/services/traffic-acquisition/,public_secondary,获客、拉新、用户来源判断
新加坡贷款获客,traffic-acquisition,/services/traffic-acquisition/,public_secondary,获客、拉新、用户来源判断
日本交友App注册引流,traffic-acquisition,/services/traffic-acquisition/,public_secondary,获客、拉新、用户来源判断
日本交友App注册投放,traffic-acquisition,/services/traffic-acquisition/,public_secondary,获客、拉新、用户来源判断
日本交友App注册获客,traffic-acquisition,/services/traffic-acquisition/,public_secondary,获客、拉新、用户来源判断
日本交友引流,traffic-acquisition,/services/traffic-acquisition/,public_secondary,获客、拉新、用户来源判断
日本交友引流获客,traffic-acquisition,/services/traffic-acquisition/,public_secondary,获客、拉新、用户来源判断
日本保险引流,traffic-acquisition,/services/traffic-acquisition/,public_secondary,获客、拉新、用户来源判断
日本保险获客,traffic-acquisition,/services/traffic-acquisition/,public_secondary,获客、拉新、用户来源判断
日本游戏引流,traffic-acquisition,/services/traffic-acquisition/,public_secondary,获客、拉新、用户来源判断
日本游戏获客,traffic-acquisition,/services/traffic-acquisition/,public_secondary,获客、拉新、用户来源判断
日本移民引流,traffic-acquisition,/services/traffic-acquisition/,public_secondary,获客、拉新、用户来源判断
日本移民获客,traffic-acquisition,/services/traffic-acquisition/,public_secondary,获客、拉新、用户来源判断
日本贷款引流,traffic-acquisition,/services/traffic-acquisition/,public_secondary,获客、拉新、用户来源判断
日本贷款获客,traffic-acquisition,/services/traffic-acquisition/,public_secondary,获客、拉新、用户来源判断
欧洲交友App注册引流,traffic-acquisition,/services/traffic-acquisition/,public_secondary,获客、拉新、用户来源判断
欧洲交友App注册投放,traffic-acquisition,/services/traffic-acquisition/,public_secondary,获客、拉新、用户来源判断
欧洲交友App注册获客,traffic-acquisition,/services/traffic-acquisition/,public_secondary,获客、拉新、用户来源判断
欧洲交友引流,traffic-acquisition,/services/traffic-acquisition/,public_secondary,获客、拉新、用户来源判断
欧洲交友引流获客,traffic-acquisition,/services/traffic-acquisition/,public_secondary,获客、拉新、用户来源判断
欧洲保险引流,traffic-acquisition,/services/traffic-acquisition/,public_secondary,获客、拉新、用户来源判断
欧洲保险获客,traffic-acquisition,/services/traffic-acquisition/,public_secondary,获客、拉新、用户来源判断
欧洲游戏引流,traffic-acquisition,/services/traffic-acquisition/,public_secondary,获客、拉新、用户来源判断
欧洲游戏获客,traffic-acquisition,/services/traffic-acquisition/,public_secondary,获客、拉新、用户来源判断
欧洲移民引流,traffic-acquisition,/services/traffic-acquisition/,public_secondary,获客、拉新、用户来源判断
欧洲移民获客,traffic-acquisition,/services/traffic-acquisition/,public_secondary,获客、拉新、用户来源判断
欧洲贷款引流,traffic-acquisition,/services/traffic-acquisition/,public_secondary,获客、拉新、用户来源判断
欧洲贷款获客,traffic-acquisition,/services/traffic-acquisition/,public_secondary,获客、拉新、用户来源判断
泰国交友App注册引流,traffic-acquisition,/services/traffic-acquisition/,public_secondary,获客、拉新、用户来源判断
泰国交友App注册投放,traffic-acquisition,/services/traffic-acquisition/,public_secondary,获客、拉新、用户来源判断
泰国交友App注册获客,traffic-acquisition,/services/traffic-acquisition/,public_secondary,获客、拉新、用户来源判断
泰国交友引流,traffic-acquisition,/services/traffic-acquisition/,public_secondary,获客、拉新、用户来源判断
泰国交友引流获客,traffic-acquisition,/services/traffic-acquisition/,public_secondary,获客、拉新、用户来源判断
泰国保险引流,traffic-acquisition,/services/traffic-acquisition/,public_secondary,获客、拉新、用户来源判断
泰国保险获客,traffic-acquisition,/services/traffic-acquisition/,public_secondary,获客、拉新、用户来源判断
泰国游戏引流,traffic-acquisition,/services/traffic-acquisition/,public_secondary,获客、拉新、用户来源判断
泰国游戏获客,traffic-acquisition,/services/traffic-acquisition/,public_secondary,获客、拉新、用户来源判断
泰国移民引流,traffic-acquisition,/services/traffic-acquisition/,public_secondary,获客、拉新、用户来源判断
泰国移民获客,traffic-acquisition,/services/traffic-acquisition/,public_secondary,获客、拉新、用户来源判断
泰国贷款引流,traffic-acquisition,/services/traffic-acquisition/,public_secondary,获客、拉新、用户来源判断
泰国贷款获客,traffic-acquisition,/services/traffic-acquisition/,public_secondary,获客、拉新、用户来源判断
游戏代运营,traffic-acquisition,/services/traffic-acquisition/,public_secondary,获客、拉新、用户来源判断
游戏引流,traffic-acquisition,/services/traffic-acquisition/,public_secondary,获客、拉新、用户来源判断
游戏拉新,traffic-acquisition,/services/traffic-acquisition/,public_secondary,获客、拉新、用户来源判断
游戏推广代运营,traffic-acquisition,/services/traffic-acquisition/,public_secondary,获客、拉新、用户来源判断
游戏推广引流,traffic-acquisition,/services/traffic-acquisition/,public_secondary,获客、拉新、用户来源判断
游戏精准引流,traffic-acquisition,/services/traffic-acquisition/,public_secondary,获客、拉新、用户来源判断
游戏精准获客,traffic-acquisition,/services/traffic-acquisition/,public_secondary,获客、拉新、用户来源判断
游戏获客,traffic-acquisition,/services/traffic-acquisition/,public_secondary,获客、拉新、用户来源判断
澳大利亚交友App注册引流,traffic-acquisition,/services/traffic-acquisition/,public_secondary,获客、拉新、用户来源判断
澳大利亚交友App注册投放,traffic-acquisition,/services/traffic-acquisition/,public_secondary,获客、拉新、用户来源判断
澳大利亚交友App注册获客,traffic-acquisition,/services/traffic-acquisition/,public_secondary,获客、拉新、用户来源判断
澳大利亚交友引流,traffic-acquisition,/services/traffic-acquisition/,public_secondary,获客、拉新、用户来源判断
澳大利亚交友引流获客,traffic-acquisition,/services/traffic-acquisition/,public_secondary,获客、拉新、用户来源判断
澳大利亚保险引流,traffic-acquisition,/services/traffic-acquisition/,public_secondary,获客、拉新、用户来源判断
澳大利亚保险获客,traffic-acquisition,/services/traffic-acquisition/,public_secondary,获客、拉新、用户来源判断
澳大利亚游戏引流,traffic-acquisition,/services/traffic-acquisition/,public_secondary,获客、拉新、用户来源判断
澳大利亚游戏获客,traffic-acquisition,/services/traffic-acquisition/,public_secondary,获客、拉新、用户来源判断
澳大利亚移民引流,traffic-acquisition,/services/traffic-acquisition/,public_secondary,获客、拉新、用户来源判断
澳大利亚移民获客,traffic-acquisition,/services/traffic-acquisition/,public_secondary,获客、拉新、用户来源判断
澳大利亚贷款引流,traffic-acquisition,/services/traffic-acquisition/,public_secondary,获客、拉新、用户来源判断
澳大利亚贷款获客,traffic-acquisition,/services/traffic-acquisition/,public_secondary,获客、拉新、用户来源判断
移民买量,traffic-acquisition,/services/traffic-acquisition/,public_secondary,获客、拉新、用户来源判断
移民代投,traffic-acquisition,/services/traffic-acquisition/,public_secondary,获客、拉新、用户来源判断
移民代运营,traffic-acquisition,/services/traffic-acquisition/,public_secondary,获客、拉新、用户来源判断
移民信息流投放,traffic-acquisition,/services/traffic-acquisition/,public_secondary,获客、拉新、用户来源判断
移民广告代投,traffic-acquisition,/services/traffic-acquisition/,public_secondary,获客、拉新、用户来源判断
移民引流,traffic-acquisition,/services/traffic-acquisition/,public_secondary,获客、拉新、用户来源判断
移民投流,traffic-acquisition,/services/traffic-acquisition/,public_secondary,获客、拉新、用户来源判断
移民拉新,traffic-acquisition,/services/traffic-acquisition/,public_secondary,获客、拉新、用户来源判断
移民推广代运营,traffic-acquisition,/services/traffic-acquisition/,public_secondary,获客、拉新、用户来源判断
移民推广引流,traffic-acquisition,/services/traffic-acquisition/,public_secondary,获客、拉新、用户来源判断
移民精准引流,traffic-acquisition,/services/traffic-acquisition/,public_secondary,获客、拉新、用户来源判断
移民精准获客,traffic-acquisition,/services/traffic-acquisition/,public_secondary,获客、拉新、用户来源判断
精准获客,traffic-acquisition,/services/traffic-acquisition/,public_secondary,获客、拉新、用户来源判断
美国交友App注册引流,traffic-acquisition,/services/traffic-acquisition/,public_secondary,获客、拉新、用户来源判断
美国交友App注册投放,traffic-acquisition,/services/traffic-acquisition/,public_secondary,获客、拉新、用户来源判断
美国交友App注册获客,traffic-acquisition,/services/traffic-acquisition/,public_secondary,获客、拉新、用户来源判断
美国交友引流,traffic-acquisition,/services/traffic-acquisition/,public_secondary,获客、拉新、用户来源判断
美国交友引流获客,traffic-acquisition,/services/traffic-acquisition/,public_secondary,获客、拉新、用户来源判断
美国保险引流,traffic-acquisition,/services/traffic-acquisition/,public_secondary,获客、拉新、用户来源判断
美国保险获客,traffic-acquisition,/services/traffic-acquisition/,public_secondary,获客、拉新、用户来源判断
美国游戏引流,traffic-acquisition,/services/traffic-acquisition/,public_secondary,获客、拉新、用户来源判断
美国游戏获客,traffic-acquisition,/services/traffic-acquisition/,public_secondary,获客、拉新、用户来源判断
美国移民引流,traffic-acquisition,/services/traffic-acquisition/,public_secondary,获客、拉新、用户来源判断
美国移民获客,traffic-acquisition,/services/traffic-acquisition/,public_secondary,获客、拉新、用户来源判断
美国贷款引流,traffic-acquisition,/services/traffic-acquisition/,public_secondary,获客、拉新、用户来源判断
美国贷款获客,traffic-acquisition,/services/traffic-acquisition/,public_secondary,获客、拉新、用户来源判断
英国交友App注册引流,traffic-acquisition,/services/traffic-acquisition/,public_secondary,获客、拉新、用户来源判断
英国交友App注册投放,traffic-acquisition,/services/traffic-acquisition/,public_secondary,获客、拉新、用户来源判断
英国交友App注册获客,traffic-acquisition,/services/traffic-acquisition/,public_secondary,获客、拉新、用户来源判断
英国交友引流,traffic-acquisition,/services/traffic-acquisition/,public_secondary,获客、拉新、用户来源判断
英国交友引流获客,traffic-acquisition,/services/traffic-acquisition/,public_secondary,获客、拉新、用户来源判断
英国保险引流,traffic-acquisition,/services/traffic-acquisition/,public_secondary,获客、拉新、用户来源判断
英国保险获客,traffic-acquisition,/services/traffic-acquisition/,public_secondary,获客、拉新、用户来源判断
英国游戏引流,traffic-acquisition,/services/traffic-acquisition/,public_secondary,获客、拉新、用户来源判断
英国游戏获客,traffic-acquisition,/services/traffic-acquisition/,public_secondary,获客、拉新、用户来源判断
英国移民引流,traffic-acquisition,/services/traffic-acquisition/,public_secondary,获客、拉新、用户来源判断
英国移民获客,traffic-acquisition,/services/traffic-acquisition/,public_secondary,获客、拉新、用户来源判断
英国贷款引流,traffic-acquisition,/services/traffic-acquisition/,public_secondary,获客、拉新、用户来源判断
英国贷款获客,traffic-acquisition,/services/traffic-acquisition/,public_secondary,获客、拉新、用户来源判断
谷歌交友App注册引流,traffic-acquisition,/services/traffic-acquisition/,public_secondary,获客、拉新、用户来源判断
谷歌交友App注册获客,traffic-acquisition,/services/traffic-acquisition/,public_secondary,获客、拉新、用户来源判断
贷款买量,traffic-acquisition,/services/traffic-acquisition/,public_secondary,获客、拉新、用户来源判断
贷款代投,traffic-acquisition,/services/traffic-acquisition/,public_secondary,获客、拉新、用户来源判断
贷款代运营,traffic-acquisition,/services/traffic-acquisition/,public_secondary,获客、拉新、用户来源判断
贷款引流,traffic-acquisition,/services/traffic-acquisition/,public_secondary,获客、拉新、用户来源判断
贷款投流,traffic-acquisition,/services/traffic-acquisition/,public_secondary,获客、拉新、用户来源判断
贷款拉新,traffic-acquisition,/services/traffic-acquisition/,public_secondary,获客、拉新、用户来源判断
贷款推广代运营,traffic-acquisition,/services/traffic-acquisition/,public_secondary,获客、拉新、用户来源判断
贷款推广引流,traffic-acquisition,/services/traffic-acquisition/,public_secondary,获客、拉新、用户来源判断
贷款精准引流,traffic-acquisition,/services/traffic-acquisition/,public_secondary,获客、拉新、用户来源判断
贷款精准获客,traffic-acquisition,/services/traffic-acquisition/,public_secondary,获客、拉新、用户来源判断
越南交友App注册引流,traffic-acquisition,/services/traffic-acquisition/,public_secondary,获客、拉新、用户来源判断
越南交友App注册投放,traffic-acquisition,/services/traffic-acquisition/,public_secondary,获客、拉新、用户来源判断
越南交友App注册获客,traffic-acquisition,/services/traffic-acquisition/,public_secondary,获客、拉新、用户来源判断
越南交友引流,traffic-acquisition,/services/traffic-acquisition/,public_secondary,获客、拉新、用户来源判断
越南交友引流获客,traffic-acquisition,/services/traffic-acquisition/,public_secondary,获客、拉新、用户来源判断
越南保险引流,traffic-acquisition,/services/traffic-acquisition/,public_secondary,获客、拉新、用户来源判断
越南保险获客,traffic-acquisition,/services/traffic-acquisition/,public_secondary,获客、拉新、用户来源判断
越南游戏引流,traffic-acquisition,/services/traffic-acquisition/,public_secondary,获客、拉新、用户来源判断
越南游戏获客,traffic-acquisition,/services/traffic-acquisition/,public_secondary,获客、拉新、用户来源判断
越南移民引流,traffic-acquisition,/services/traffic-acquisition/,public_secondary,获客、拉新、用户来源判断
越南移民获客,traffic-acquisition,/services/traffic-acquisition/,public_secondary,获客、拉新、用户来源判断
越南贷款引流,traffic-acquisition,/services/traffic-acquisition/,public_secondary,获客、拉新、用户来源判断
越南贷款获客,traffic-acquisition,/services/traffic-acquisition/,public_secondary,获客、拉新、用户来源判断
韩国交友App注册引流,traffic-acquisition,/services/traffic-acquisition/,public_secondary,获客、拉新、用户来源判断
韩国交友App注册投放,traffic-acquisition,/services/traffic-acquisition/,public_secondary,获客、拉新、用户来源判断
韩国交友App注册获客,traffic-acquisition,/services/traffic-acquisition/,public_secondary,获客、拉新、用户来源判断
韩国交友引流,traffic-acquisition,/services/traffic-acquisition/,public_secondary,获客、拉新、用户来源判断
韩国交友引流获客,traffic-acquisition,/services/traffic-acquisition/,public_secondary,获客、拉新、用户来源判断
韩国保险引流,traffic-acquisition,/services/traffic-acquisition/,public_secondary,获客、拉新、用户来源判断
韩国保险获客,traffic-acquisition,/services/traffic-acquisition/,public_secondary,获客、拉新、用户来源判断
韩国游戏引流,traffic-acquisition,/services/traffic-acquisition/,public_secondary,获客、拉新、用户来源判断
韩国游戏获客,traffic-acquisition,/services/traffic-acquisition/,public_secondary,获客、拉新、用户来源判断
韩国移民引流,traffic-acquisition,/services/traffic-acquisition/,public_secondary,获客、拉新、用户来源判断
韩国移民获客,traffic-acquisition,/services/traffic-acquisition/,public_secondary,获客、拉新、用户来源判断
韩国贷款引流,traffic-acquisition,/services/traffic-acquisition/,public_secondary,获客、拉新、用户来源判断
韩国贷款获客,traffic-acquisition,/services/traffic-acquisition/,public_secondary,获客、拉新、用户来源判断
马来西亚交友App注册引流,traffic-acquisition,/services/traffic-acquisition/,public_secondary,获客、拉新、用户来源判断
马来西亚交友App注册投放,traffic-acquisition,/services/traffic-acquisition/,public_secondary,获客、拉新、用户来源判断
马来西亚交友App注册获客,traffic-acquisition,/services/traffic-acquisition/,public_secondary,获客、拉新、用户来源判断
马来西亚交友引流,traffic-acquisition,/services/traffic-acquisition/,public_secondary,获客、拉新、用户来源判断
马来西亚交友引流获客,traffic-acquisition,/services/traffic-acquisition/,public_secondary,获客、拉新、用户来源判断
马来西亚保险引流,traffic-acquisition,/services/traffic-acquisition/,public_secondary,获客、拉新、用户来源判断
马来西亚保险获客,traffic-acquisition,/services/traffic-acquisition/,public_secondary,获客、拉新、用户来源判断
马来西亚游戏引流,traffic-acquisition,/services/traffic-acquisition/,public_secondary,获客、拉新、用户来源判断
马来西亚游戏获客,traffic-acquisition,/services/traffic-acquisition/,public_secondary,获客、拉新、用户来源判断
马来西亚移民引流,traffic-acquisition,/services/traffic-acquisition/,public_secondary,获客、拉新、用户来源判断
马来西亚移民获客,traffic-acquisition,/services/traffic-acquisition/,public_secondary,获客、拉新、用户来源判断
马来西亚贷款引流,traffic-acquisition,/services/traffic-acquisition/,public_secondary,获客、拉新、用户来源判断
马来西亚贷款获客,traffic-acquisition,/services/traffic-acquisition/,public_secondary,获客、拉新、用户来源判断
交友粉价格,unmapped,,future_blog,long_tail_question
交友粉哪家好,unmapped,,future_blog,long_tail_question
交友粉多少钱,unmapped,,future_blog,long_tail_question
交友粉平台,unmapped,,future_blog,long_tail_question
交友粉怎么做,unmapped,,future_blog,long_tail_question
交友粉怎么找,unmapped,,future_blog,long_tail_question
交友粉怎么投,unmapped,,future_blog,long_tail_question
交友粉怎么收费,unmapped,,future_blog,long_tail_question
交友粉报价,unmapped,,future_blog,long_tail_question
交友粉渠道,unmapped,,future_blog,long_tail_question
交友粉费用,unmapped,,future_blog,long_tail_question
交友粉靠谱吗,unmapped,,future_blog,long_tail_question
Slot代运营,unmapped,,internal_only,unmapped
Slot价格,unmapped,,internal_only,long_tail_question
Slot哪家好,unmapped,,internal_only,long_tail_question
Slot多少钱,unmapped,,internal_only,long_tail_question
Slot平台,unmapped,,internal_only,long_tail_question
Slot怎么做,unmapped,,internal_only,long_tail_question
Slot怎么找,unmapped,,internal_only,long_tail_question
Slot怎么投,unmapped,,internal_only,long_tail_question
Slot怎么收费,unmapped,,internal_only,long_tail_question
Slot报价,unmapped,,internal_only,long_tail_question
Slot推广代运营,unmapped,,internal_only,unmapped
Slot推广引流,unmapped,,internal_only,unmapped
Slot渠道,unmapped,,internal_only,long_tail_question
Slot精准引流,unmapped,,internal_only,unmapped
Slot费用,unmapped,,internal_only,long_tail_question
Slot靠谱吗,unmapped,,internal_only,long_tail_question
交友粉代运营,unmapped,,internal_only,unmapped
交友粉推广代运营,unmapped,,internal_only,unmapped
交友粉推广引流,unmapped,,internal_only,unmapped
交友粉精准引流,unmapped,,internal_only,unmapped
债务代运营,unmapped,,internal_only,unmapped
债务价格,unmapped,,internal_only,long_tail_question
债务哪家好,unmapped,,internal_only,long_tail_question
债务多少钱,unmapped,,internal_only,long_tail_question
债务平台,unmapped,,internal_only,long_tail_question
债务怎么做,unmapped,,internal_only,long_tail_question
债务怎么找,unmapped,,internal_only,long_tail_question
债务怎么投,unmapped,,internal_only,long_tail_question
债务怎么收费,unmapped,,internal_only,long_tail_question
债务报价,unmapped,,internal_only,long_tail_question
债务推广代运营,unmapped,,internal_only,unmapped
债务推广引流,unmapped,,internal_only,unmapped
债务渠道,unmapped,,internal_only,long_tail_question
债务精准引流,unmapped,,internal_only,unmapped
债务费用,unmapped,,internal_only,long_tail_question
债务靠谱吗,unmapped,,internal_only,long_tail_question
充值色粉代运营,unmapped,,internal_only,unmapped
充值色粉价格,unmapped,,internal_only,long_tail_question
充值色粉哪家好,unmapped,,internal_only,long_tail_question
充值色粉多少钱,unmapped,,internal_only,long_tail_question
充值色粉平台,unmapped,,internal_only,long_tail_question
充值色粉怎么做,unmapped,,internal_only,long_tail_question
充值色粉怎么找,unmapped,,internal_only,long_tail_question
充值色粉怎么投,unmapped,,internal_only,long_tail_question
充值色粉怎么收费,unmapped,,internal_only,long_tail_question
充值色粉报价,unmapped,,internal_only,long_tail_question
充值色粉推广代运营,unmapped,,internal_only,unmapped
充值色粉推广引流,unmapped,,internal_only,unmapped
充值色粉渠道,unmapped,,internal_only,long_tail_question
充值色粉精准引流,unmapped,,internal_only,unmapped
充值色粉费用,unmapped,,internal_only,long_tail_question
充值色粉靠谱吗,unmapped,,internal_only,long_tail_question
广告投放支持,unmapped,,internal_only,unmapped
成人兴趣粉代运营,unmapped,,internal_only,unmapped
成人兴趣粉价格,unmapped,,internal_only,long_tail_question
成人兴趣粉哪家好,unmapped,,internal_only,long_tail_question
成人兴趣粉多少钱,unmapped,,internal_only,long_tail_question
成人兴趣粉平台,unmapped,,internal_only,long_tail_question
成人兴趣粉怎么做,unmapped,,internal_only,long_tail_question
成人兴趣粉怎么找,unmapped,,internal_only,long_tail_question
成人兴趣粉怎么投,unmapped,,internal_only,long_tail_question
成人兴趣粉怎么收费,unmapped,,internal_only,long_tail_question
成人兴趣粉报价,unmapped,,internal_only,long_tail_question
成人兴趣粉推广代运营,unmapped,,internal_only,unmapped
成人兴趣粉推广引流,unmapped,,internal_only,unmapped
成人兴趣粉渠道,unmapped,,internal_only,long_tail_question
成人兴趣粉精准引流,unmapped,,internal_only,unmapped
成人兴趣粉费用,unmapped,,internal_only,long_tail_question
成人兴趣粉靠谱吗,unmapped,,internal_only,long_tail_question
成人粉代运营,unmapped,,internal_only,unmapped
成人粉价格,unmapped,,internal_only,long_tail_question
成人粉哪家好,unmapped,,internal_only,long_tail_question
成人粉多少钱,unmapped,,internal_only,long_tail_question
成人粉平台,unmapped,,internal_only,long_tail_question
成人粉怎么做,unmapped,,internal_only,long_tail_question
成人粉怎么找,unmapped,,internal_only,long_tail_question
成人粉怎么投,unmapped,,internal_only,long_tail_question
成人粉怎么收费,unmapped,,internal_only,long_tail_question
成人粉报价,unmapped,,internal_only,long_tail_question
成人粉推广代运营,unmapped,,internal_only,unmapped
成人粉推广引流,unmapped,,internal_only,unmapped
成人粉渠道,unmapped,,internal_only,long_tail_question
成人粉精准引流,unmapped,,internal_only,unmapped
成人粉费用,unmapped,,internal_only,long_tail_question
成人粉靠谱吗,unmapped,,internal_only,long_tail_question
推广代运营,unmapped,,internal_only,unmapped
理财获客,unmapped,,internal_only,unmapped
精准色粉代运营,unmapped,,internal_only,unmapped
精准色粉价格,unmapped,,internal_only,long_tail_question
精准色粉哪家好,unmapped,,internal_only,long_tail_question
精准色粉多少钱,unmapped,,internal_only,long_tail_question
精准色粉平台,unmapped,,internal_only,long_tail_question
精准色粉怎么做,unmapped,,internal_only,long_tail_question
精准色粉怎么找,unmapped,,internal_only,long_tail_question
精准色粉怎么投,unmapped,,internal_only,long_tail_question
精准色粉怎么收费,unmapped,,internal_only,long_tail_question
精准色粉报价,unmapped,,internal_only,long_tail_question
精准色粉推广代运营,unmapped,,internal_only,unmapped
精准色粉推广引流,unmapped,,internal_only,unmapped
精准色粉渠道,unmapped,,internal_only,long_tail_question
精准色粉精准引流,unmapped,,internal_only,unmapped
精准色粉费用,unmapped,,internal_only,long_tail_question
精准色粉靠谱吗,unmapped,,internal_only,long_tail_question
索赔代运营,unmapped,,internal_only,unmapped
索赔价格,unmapped,,internal_only,long_tail_question
索赔哪家好,unmapped,,internal_only,long_tail_question
索赔多少钱,unmapped,,internal_only,long_tail_question
索赔平台,unmapped,,internal_only,long_tail_question
索赔怎么做,unmapped,,internal_only,long_tail_question
索赔怎么找,unmapped,,internal_only,long_tail_question
索赔怎么投,unmapped,,internal_only,long_tail_question
索赔怎么收费,unmapped,,internal_only,long_tail_question
索赔报价,unmapped,,internal_only,long_tail_question
索赔推广代运营,unmapped,,internal_only,unmapped
索赔推广引流,unmapped,,internal_only,unmapped
索赔渠道,unmapped,,internal_only,long_tail_question
索赔精准引流,unmapped,,internal_only,unmapped
索赔费用,unmapped,,internal_only,long_tail_question
索赔靠谱吗,unmapped,,internal_only,long_tail_question
维权代运营,unmapped,,internal_only,unmapped
维权价格,unmapped,,internal_only,long_tail_question
维权哪家好,unmapped,,internal_only,long_tail_question
维权多少钱,unmapped,,internal_only,long_tail_question
维权平台,unmapped,,internal_only,long_tail_question
维权怎么做,unmapped,,internal_only,long_tail_question
维权怎么找,unmapped,,internal_only,long_tail_question
维权怎么投,unmapped,,internal_only,long_tail_question
维权怎么收费,unmapped,,internal_only,long_tail_question
维权报价,unmapped,,internal_only,long_tail_question
维权推广代运营,unmapped,,internal_only,unmapped
维权推广引流,unmapped,,internal_only,unmapped
维权渠道,unmapped,,internal_only,long_tail_question
维权精准引流,unmapped,,internal_only,unmapped
维权费用,unmapped,,internal_only,long_tail_question
维权靠谱吗,unmapped,,internal_only,long_tail_question
色粉代运营,unmapped,,internal_only,unmapped
色粉价格,unmapped,,internal_only,long_tail_question
色粉哪家好,unmapped,,internal_only,long_tail_question
色粉多少钱,unmapped,,internal_only,long_tail_question
色粉平台,unmapped,,internal_only,long_tail_question
色粉怎么做,unmapped,,internal_only,long_tail_question
色粉怎么找,unmapped,,internal_only,long_tail_question
色粉怎么投,unmapped,,internal_only,long_tail_question
色粉怎么收费,unmapped,,internal_only,long_tail_question
色粉报价,unmapped,,internal_only,long_tail_question
色粉推广代运营,unmapped,,internal_only,unmapped
色粉推广引流,unmapped,,internal_only,unmapped
色粉渠道,unmapped,,internal_only,long_tail_question
色粉精准引流,unmapped,,internal_only,unmapped
色粉费用,unmapped,,internal_only,long_tail_question
色粉靠谱吗,unmapped,,internal_only,long_tail_question
